corridor_id,hour_of_day,ambient_light,street_light_func,crime_risk_index,foot_traffic,risk_code
Ayat,21,0.1607598960483082,0.47128716739816456,0.5617607734743901,60.71352808835769,1
Piazza,16,0.8179670241190622,0.9791049380151545,4.910957293831651,38.87263478765467,0
Merkato,8,0.8321341779577419,0.6341421382957368,9.271106288584273,24.029912345036674,1
Ayat,0,0.5074677337608362,0.12626474156450274,1.0539321810780522,9.49652752283765,2
Kazanchis,20,0.00638587171683358,0.676177562075434,7.644407280755043,31.491844458889574,2
Gotera,19,0.2870381331749128,0.325104015431699,4.096710533759927,9.664483428775227,2
Merkato,12,0.6169269183757422,0.6863271966860974,6.55173714524338,17.689695082398394,1
Merkato,15,0.9811861780274235,0.06964114816240574,2.6023659798522933,98.73361585795459,0
Ayat,12,0.6318135270166684,0.1748814371759594,1.5949226254135829,44.41035569066186,1
Bole,13,0.2598035810641598,0.8557372589057863,1.6046261427122643,53.187176650501655,0
Kazanchis,2,0.6340057030996114,0.2271795570235149,0.7049194564314465,87.36185287372153,1
Ayat,5,0.5399853797158555,0.83704112524294,1.8564670490124302,99.55689004906878,0
Kazanchis,17,0.7798453951511436,0.27927608845441043,6.642193849889683,58.27144493446815,1
Kazanchis,18,0.10698063882695841,0.6428819100587077,8.81690611843508,81.24738210441717,1
Gotera,4,0.761027902502028,0.694150573509831,8.141256855911617,32.694102433667524,2
Merkato,14,0.5412665786761103,0.5126547531450529,6.851343098744841,30.57439574472911,1
Piazza,1,0.9629920038589946,0.3053106766967313,1.1043186341110267,40.27037209945602,1
Gotera,9,0.3418721660386861,0.21264437637109612,2.8918744629594983,67.25072626736491,1
Gotera,23,0.6326218931339481,0.03318935456242622,3.0980687532246898,68.21916892550988,2
Kazanchis,17,0.9320281055100175,0.3039464012407238,2.4995694639762123,31.52394346494508,1
Sarbet,12,0.10250972799067926,0.653162790531283,5.150056597097231,13.320992413662868,2
Merkato,4,0.9372284872364511,0.9383048184484827,5.355538148796725,63.239625646550856,1
Bole,22,0.6878857223008134,0.871204482263052,3.568859751711102,12.832586218876452,2
Gotera,23,0.0678370591051719,0.7660647765353026,3.53789158736436,57.84925082293301,2
Piazza,0,0.30096356694681625,0.7884473432532987,8.285555979060813,69.3422128056309,2
Sarbet,21,0.7081720886452816,0.6649849034759953,7.892928483196856,70.06114963944516,1
Sarbet,0,0.0673506014687717,0.260286857566003,3.0779583168074565,75.34721106595967,2
Bole,17,0.5821704601762733,0.9071950307058299,9.137884438732593,87.28594215656645,1
Gotera,14,0.34588305695295674,0.670732311905834,9.52815017002506,49.995899196478845,1
Piazza,16,0.6209155177674771,0.56044063098044,3.267425420300408,73.02491895295712,0
Merkato,10,0.04574203381251285,0.11098946921348107,3.5442494879305486,61.91727353658367,1
Megenagna,20,0.8715368061523763,0.4470555438064254,5.056341534219588,18.663993979768257,1
Piazza,21,0.9734889691773969,0.4603582712019263,9.411208125336735,2.568964486940817,2
Bole,16,0.9688778552856915,0.86456360952267,8.763194331423115,28.454138567693377,1
Sarbet,12,0.7496518317429247,0.5466482201877885,1.025679625835898,44.30337063376194,0
Merkato,0,0.13008624013063197,0.38040054897040965,3.927307432714162,61.71059444286563,2
Piazza,1,0.7582631959290226,0.9768003285106593,5.533711897497718,84.99593305032053,1
Megenagna,8,0.02458691645880151,0.11072059332631567,5.0313247255154,19.624571670616564,2
Megenagna,2,0.022123551528997254,0.4225484283119446,1.9386306793689267,12.55497898984771,2
Kazanchis,0,0.32361021914954125,0.04202467517140529,8.588167711681546,96.34799474743275,2
Kazanchis,20,0.48864319040466575,0.7399041207669304,6.769407829968373,10.80445593764071,1
Ayat,15,0.7704074178077932,0.9180765521991506,8.379083748518037,47.84910701071892,1
Bole,22,0.6832953766065052,0.28003732955048943,8.587642793494721,58.55637287933019,2
Gotera,5,0.44590270637674834,0.8583416767991209,7.483558536657398,54.137442090743825,1
Piazza,16,0.2736266662816659,0.29221823046189777,4.392106012497173,8.603215703294321,2
Piazza,4,0.9971245001577111,0.9107701616439152,6.105467550154246,5.702691400361937,2
Gotera,4,0.42618130223597295,0.7539619035967839,1.6036540611974315,10.548342746103568,2
Ayat,5,0.4513870243296755,0.8049067768414386,6.736454174749077,58.55876838726125,1
Sarbet,2,0.16362382119166918,0.0180065556004545,1.7925325573928075,54.43448876343211,2
Sarbet,20,0.7948095487499294,0.962810357074026,6.939495905101568,23.374079203674427,1
Ayat,22,0.6936822257814886,0.7266709920703233,2.2959816075396864,63.777414184559156,1
Sarbet,4,0.2207696127887604,0.3047510953861333,1.1755130015021997,82.00675020556494,1
Kazanchis,20,0.0823810456158427,0.8293946648588469,1.6528449014295743,4.157895984659376,1
Piazza,4,0.6804993020747131,0.28152119841492995,0.01992135219070268,49.81299435480424,1
Ayat,9,0.6545112142811352,0.872753839566128,7.187396178535303,68.93104121026903,1
Piazza,9,0.2732595269982093,0.11258039041193701,7.324010490583791,25.23119270696871,2
Gotera,18,0.9508635622504104,0.7036859774607958,5.149333499132594,30.77709052931491,1
Megenagna,16,0.15105789178090023,0.5406984766449103,1.613628010553837,61.36379029893838,1
Kazanchis,20,0.4323348010426019,0.09653447019544081,0.8355433751068975,89.7935293443737,0
Merkato,13,0.9436159201675989,0.24189382825883898,0.1912896643728701,80.99244203028994,0
Kazanchis,8,0.4197273169261223,0.01240403627731479,1.657481769652207,58.31302190995835,1
Ayat,13,0.6385259476640855,0.46876796546450583,8.908555349831467,73.02217177572491,1
Merkato,0,0.3975943979627943,0.3012652607600004,2.4153684170168175,36.482247020779866,2
Megenagna,18,0.27421520234867003,0.5983574842977588,3.542713272172157,64.09655280987577,1
Ayat,12,0.9839776479598282,0.2972378077086172,1.0534548448133318,46.6181591127557,0
Bole,12,0.409334006315043,0.2999191115069847,2.223613047481703,18.993613645756092,1
Piazza,3,0.8940992036791344,0.7431931987316034,5.192245707802051,70.17382738772572,1
Megenagna,0,0.22995460589108618,0.04814283597835345,6.077526830956526,55.646463734882204,2
Piazza,16,0.2131047040250833,0.9028949951919872,2.4535231416621106,35.86215819535914,1
Sarbet,7,0.03113408288451136,0.8522638743911815,0.5773215922511721,91.13391900786307,0
Bole,1,0.651666825375885,0.6678046832264065,3.9103286912739863,2.0934117826733267,2
Bole,7,0.36852634372376114,0.5932215701073843,2.342033709263341,31.5773151249496,1
Megenagna,6,0.864358249839637,0.8923024981396522,2.195539232298019,5.688139777764656,0
Bole,1,0.47320990669155716,0.18533017952871444,9.598628027134552,76.65273162216272,2
Merkato,21,0.9681934279147217,0.07896916219082861,6.16300485925724,70.21074541137926,1
Bole,21,0.18552551570312115,0.2395101699095381,5.5687844317209585,33.13522187363171,2
Piazza,2,0.8686231679556108,0.7945782787001903,4.157751035233219,67.5662902207073,1
Piazza,17,0.7765968527917417,0.03467026672648332,4.289443334301443,39.593722619594985,1
Ayat,11,0.770921844644052,0.5828068350834896,5.4090500383808084,75.62537914224343,0
Piazza,0,0.8447832281168877,0.9954375161913099,6.964298070361073,45.41836627367061,1
Ayat,21,0.7610239909429989,0.8556960938375394,7.021460961818295,41.22797278316656,1
Piazza,11,0.6262203216314154,0.5214456890435895,1.7169390770544957,93.4729915488301,0
Merkato,4,0.13124487768238757,0.06364090928664234,5.0011275207662695,25.087909989070024,2
Gotera,16,0.032526179491251916,0.8313735143857098,4.119580950341019,12.044733999656543,1
Ayat,15,0.9208478478156868,0.5989785081772105,8.705269662693842,58.45431132594582,1
Kazanchis,14,0.616650314520738,0.11493299705956683,6.314189212183764,96.93218122841789,1
Sarbet,22,0.7965372909761763,0.0938572848233562,5.325040664159818,37.783921372718666,2
Megenagna,14,0.4815223515125501,0.9096268194365924,1.1539464217891737,6.203676362878152,1
Piazza,4,0.11730818896239448,0.6692002629380784,6.056378893234115,33.93052673095674,2
Bole,20,0.12518579220255044,0.8292867993167555,1.1720390568023342,50.593165431955846,0
Gotera,13,0.6855652872289714,0.8789789002822673,3.3720657556575206,16.19230066322137,1
Piazza,1,0.4303058948994627,0.5717723520483222,1.4284196481433187,65.8102218056492,1
Bole,10,0.20052472670033672,0.5174463517550413,6.920736470243689,99.77493890102006,1
Sarbet,18,0.4915945467414369,0.4304274103209902,2.062521138361526,45.17394759814438,1
Sarbet,6,0.06420893707513409,0.3169465877911193,3.91859373188026,35.472855673021265,1
Sarbet,5,0.5819714019143988,0.43459596085871177,8.956747776187786,40.070416683446666,1
Bole,1,0.26899340443509767,0.7738796557301564,2.043163833989703,11.514617839520113,2
Piazza,5,0.7975591006371882,0.6019234310151316,5.078050639587791,88.32736014262238,0
Sarbet,17,0.31036195892357377,0.8925232899548461,4.19271661166022,41.4825655521352,1
Merkato,1,0.4552201490818012,0.4433800143791877,0.18124041045729733,38.72744114248413,1
Ayat,17,0.011620539908100636,0.607089578718754,7.927581135728127,65.96902729304743,1
Bole,14,0.07244688779455888,0.6313075530919887,0.6904590631459973,44.203342093112354,1
Bole,18,0.3924935564066848,0.5916971623063255,4.7425502097695365,64.8233468807846,1
Piazza,1,0.4799388347171235,0.7026337730855163,5.606782949389499,6.144629013078751,2
Bole,19,0.6000205481193037,0.23743346837480628,6.284264566145871,81.37233437222274,1
Bole,5,0.29166257870930323,0.5123637775457907,6.886316293078756,94.05039528794026,1
Sarbet,0,0.6949818861265425,0.10422480280834767,2.532723835227151,64.8765386159386,1
Piazza,23,0.8601223971892046,0.38451132764481255,0.09978776658449373,95.45659288588108,0
Sarbet,14,0.7798509888933498,0.4876670686212644,7.2344366235491195,15.143231436996329,1
Ayat,22,0.039618825348357145,0.6522242595454725,5.356565993475786,47.74161894803537,2
Gotera,9,0.48050694725782894,0.9505310525862035,8.361177032072488,60.180673394544726,1
Ayat,18,0.10493017841817487,0.6006510665483559,8.213883629006943,58.17366474211867,1
Gotera,16,0.24204501586252747,0.7435939161765598,8.433261677878832,40.14617790890432,1
Sarbet,4,0.9866625932671464,0.5062660594952028,4.850946599795401,33.80844093662614,1
Ayat,3,0.14249554290151323,0.6341040313763313,3.3362839583686563,12.68240225504188,2
Piazza,9,0.49888815345135606,0.07093221613377343,7.9155820259137,39.17424505622782,2
Megenagna,23,0.6181557343181191,0.254391580841847,4.51294113029255,16.266081510548513,2
Sarbet,16,0.702464970544104,0.3618530932051387,1.834421964034345,73.43656764922184,0
Gotera,9,0.5596486834869141,0.47249335500651357,8.549740195614744,20.883093549458998,2
Merkato,16,0.00977084741918366,0.045648745502383736,8.825598767723474,5.856530528453385,2
Gotera,19,0.3264613082439919,0.14002409755331768,4.663097561401701,55.236613781723435,1
Merkato,23,0.5177116433847114,0.2768143077913058,0.7569972730978747,59.52297327194016,1
Bole,4,0.08786649914483335,0.9715326909010507,3.8782608991693124,87.19130612805056,1
Ayat,1,0.35062693120918076,0.33134700710305076,8.035376594626033,57.69816124176819,2
Merkato,5,0.033203108791366565,0.48204105811208253,9.017740285462287,34.54808537234457,2
Gotera,20,0.07857849715502074,0.19609771273839294,2.0347274249759586,80.30118815263205,1
Bole,1,0.39692327620159606,0.6107800710757683,0.6697361202527152,54.027889318742105,1
Megenagna,12,0.13271575404306035,0.2806832155159743,8.773504531328387,7.928028463119174,2
Piazza,10,0.5675408482615582,0.20699257843842678,3.894049389788753,56.58505603132467,1
Piazza,10,0.6894649691372657,0.5165726284459791,5.417609642675632,90.80185454216624,0
Piazza,15,0.8005866991090829,0.005505799160420821,9.680658120507589,39.631262549822054,2
Merkato,10,0.2001502442448101,0.0076640326492253275,0.6656472791422285,29.632580189980008,1
Megenagna,18,0.16748258225906976,0.21906880910185778,6.483180074520956,14.346945701802005,2
Merkato,14,0.10456784033440025,0.03672136250082114,0.7410542257486707,15.144552193535732,1
Ayat,22,0.6364302495436367,0.10802575413069138,3.7546892846650035,43.27714843418189,2
Merkato,22,0.7064757264869012,0.3388606493387516,8.038145451934467,59.56798241615295,2
Megenagna,15,0.03158614482564204,0.8025856795798129,4.334722327556344,8.061540516960175,1
Megenagna,10,0.9362122462436898,0.5720486433693008,9.971823539029504,93.95685890251657,1
Ayat,21,0.05197128365147241,0.5126677259564164,5.590592849466022,75.51336174451959,1
Megenagna,15,0.5412963353010705,0.29348882320812164,3.2116215263595347,58.66239182836627,1
Gotera,7,0.7090605194509164,0.9317537194328164,2.2011132590475313,82.84386709389908,0
Megenagna,3,0.8709691237460856,0.39701504123719167,3.5052053428616183,8.01867568121133,2
Piazza,7,0.7140869321324278,0.08709276679577149,3.725332737595508,47.68388777331244,1
Gotera,3,0.8017280830697918,0.6170665161178013,0.6871367772396098,63.00931268616634,1
Gotera,23,0.33945019254280606,0.11383839347660141,3.6957419942677316,82.86529061182893,2
Ayat,2,0.8148251137465122,0.3452231428016921,4.642385197392249,78.34695600492677,1
Kazanchis,2,0.08011484638467514,0.5074119387178089,7.227377522388046,27.706924971339962,2
Kazanchis,17,0.8948166560605276,0.8742225246851758,6.56729484721608,94.08801695592042,0
Megenagna,18,0.5475923761537362,0.49354658034011867,7.087656552291542,12.434584143087035,2
Gotera,18,0.8172977699624937,0.7022587660316643,0.08363681876857099,87.51336186211522,0
Kazanchis,20,0.45231828451830014,0.9928168389990704,2.1766739958053605,97.09402496046185,0
Kazanchis,4,0.643577695196525,0.13148911989798162,6.616842883998565,17.715352322262557,2
Megenagna,17,0.5264026609361132,0.2747315255195195,4.839893681797472,72.20660642037853,1
Kazanchis,9,0.7315895217553319,0.3945760755976464,0.05313475668345946,4.028551877799846,1
Merkato,21,0.08162998203058958,0.42182817853883137,8.044946424318223,40.542282513915495,2
Bole,20,0.0603520839905638,0.41102107526554577,7.728095732903374,51.6283299197674,2
Ayat,5,0.24710323401014644,0.9076110025565549,5.484191629935626,58.064522590963406,1
Bole,0,0.15954468011318834,0.7140326444668564,0.6646332577627212,93.59372482485595,1
Megenagna,4,0.8717835665922017,0.6079052140907037,7.665150495325847,67.22506872941946,1
Piazza,8,0.21921398735804432,0.3093727178627821,5.8371358773136395,48.1277951219237,1
Ayat,11,0.9758652558191313,0.8237903842212947,7.8195997715795915,80.96750362658894,0
Megenagna,13,0.33689579177110685,0.9550605114849889,7.517469923958404,95.05328209544089,0
Gotera,1,0.18211791568869928,0.8211982825502265,8.03002071957837,2.2066148682290843,2
Piazza,16,0.7896985071424791,0.0015651051914729042,5.1800806640462485,98.25212722560387,1
Bole,13,0.6587077755008761,0.636401370183407,1.40324518193515,8.613213906368033,1
Megenagna,12,0.498195716453139,0.051135381442100725,6.711574733796887,81.43867792687614,1
Gotera,8,0.5553635509376312,0.25760722033372185,6.204737850519706,28.033475255141248,1
Ayat,14,0.7192017782722638,0.059524700347771686,7.422531871990872,13.217965775387174,2
Ayat,21,0.22845474133129873,0.6037954529493877,1.698810060507353,43.98556397138349,1
Sarbet,14,0.9963339160567419,0.6865899134926068,1.9497519990028922,64.39565794476135,0
Gotera,23,0.9747931621467831,0.11448763806590512,8.904095172193285,38.0951845023475,2
Merkato,10,0.6503256863469369,0.3838388830449795,7.499777984520708,5.456540828269896,2
Kazanchis,15,0.19954245092914513,0.456236508955542,9.08228488700323,59.94611396587166,2
Piazza,16,0.6802282424312913,0.3690530217609166,7.587153211639207,90.24032761106747,1
Gotera,3,0.07219840897917584,0.12102500048519305,5.971553059903019,38.32153659472517,2
Sarbet,0,0.030652502205806065,0.4189477901874754,6.5413273702787365,21.633277763082702,2
Kazanchis,7,0.2576828885112137,0.7511780478084181,8.891279239400099,44.25773459328154,1
Kazanchis,16,0.4626229567393163,0.07100766453325547,5.7880675451194055,4.836271104878087,2
Megenagna,2,0.8682725054083805,0.08018001408190345,6.323913243283874,82.04875844802748,2
Kazanchis,19,0.727169069766308,0.3547712918359842,1.5647671600360058,82.63408109501867,0
Merkato,14,0.742706521199981,0.941725711618925,4.739212201161028,58.800046342962844,0
Ayat,14,0.42549333444807536,0.668572646722914,7.16397111958099,35.31028889383895,1
Sarbet,23,0.3459349925469629,0.6786699566725648,2.709426983163654,79.97833644457833,1
Kazanchis,21,0.3710387629846027,0.36191999083786497,2.022541805245349,55.46870247883672,1
Megenagna,13,0.9876495637360578,0.5936607912085384,3.1382680822441555,82.59323085500162,0
Merkato,22,0.04010919141248248,0.010131184027743378,2.4150062799283347,63.14587925830206,2
Bole,13,0.8670314961224486,0.6360960464095422,2.1491263703639585,78.44054732127972,0
Ayat,23,0.5786754085723934,0.9132869475762367,4.24850842868087,59.856299321776,1
Ayat,1,0.43861541918959046,0.6125734683448192,9.07838513883534,41.41410682156662,2
Sarbet,12,0.7252576604151365,0.873698593466345,5.070596467387183,95.79458599261376,0
Ayat,13,0.48666894142470285,0.7239730554660938,1.8792038081532303,54.11138248788448,0
Kazanchis,23,0.8734232380816606,0.12055841640369025,0.7697166938087407,60.50895185405384,1
Megenagna,18,0.9007018640112585,0.9024533072858417,6.961561451379252,22.048763941474924,1
Ayat,6,0.4217209268734554,0.06644384435577488,3.827987644363878,62.565078942727645,1
Ayat,2,0.2768277972350516,0.5339674725477638,8.218309465853594,57.160764948294386,2
Bole,14,0.5923503285933622,0.14213712379345766,6.595107686407702,18.483839794702494,2
Bole,22,0.912363345616691,0.011706610730904066,7.962414505413685,5.958709735314372,2
Piazza,13,0.21066218900566658,0.422034260127639,2.7194603941844875,60.43593197147711,1
Merkato,10,0.6229665835634828,0.29504070765415624,6.9235892246105815,76.36922693503206,1
Kazanchis,14,0.6315602200925206,0.486000493797603,2.640619846937188,52.34013709220082,0
Ayat,12,0.733113022415281,0.5771998867345508,9.390684794502915,22.67726253196457,2
Gotera,17,0.1315676851272598,0.04373907230894736,6.363742815333744,66.65219766930349,2
Ayat,5,0.7158249646820886,0.12300329512374564,3.245118001753421,8.010572660960225,1
Megenagna,2,0.909032520665641,0.5586423964504253,2.6951186229227266,44.183370480195464,1
Piazza,18,0.17968310887024197,0.34316735317265823,1.909265850716435,16.33667583984202,1
Merkato,14,0.23754332492387764,0.729173487549448,6.946409588937278,18.445905105988338,2
Gotera,22,0.9713950940416396,0.6522916485919397,2.187156129979273,20.229394915820365,1
Piazza,4,0.18097695270948977,0.8456043629899068,5.953032659274891,38.67070570439779,2
Sarbet,9,0.8543850933695791,0.6924928266692253,2.646350269253573,5.115020562039763,1
Merkato,6,0.4922778564480348,0.42993107739014813,6.619689447938686,39.77934409290982,1
Ayat,16,0.24723107440317704,0.6729666223944324,8.149397285405392,51.170744711470086,1
Ayat,6,0.8707499012725114,0.2753811742554185,7.780252431446532,48.329428496632524,1
Merkato,21,0.4453052550026655,0.3063134987782127,7.608513309307817,38.27841004030405,2
Ayat,11,0.5148173539296902,0.7889851599207933,1.8772240569225207,83.91466080707525,0
Kazanchis,16,0.3592333693997657,0.4464195164015822,0.8838494698451871,14.53266924205041,1
Merkato,12,0.5929508514349274,0.7983803405183525,6.989488284873856,50.5696743781374,1
Piazza,19,0.16352387258502277,0.8224223736682784,3.683472137943513,6.20414169565543,1
Merkato,3,0.3910815366517607,0.8575623376612838,4.3234622640334734,7.1155678877909745,2
Gotera,9,0.9694123223352875,0.9166352358412073,0.31149092793391064,57.38658496770963,0
Ayat,2,0.25813343270112754,0.43098522051329624,2.595764492750492,56.6018424887821,2
Kazanchis,8,0.6567366645412922,0.31886681832113883,0.3367640387446402,87.8033512844457,0
Kazanchis,12,0.3251900642246949,0.5821987465941139,8.791857726012477,55.78736756600732,1
Sarbet,17,0.7734731256866006,0.3711724234376276,2.4339668321853045,95.97910204048502,0
Piazza,14,0.13087366071834983,0.601074166800233,5.5733716957300805,4.869484839992976,2
Bole,3,0.9698210450785447,0.7055858626438246,0.3897932066113041,9.800768478074106,1
Bole,14,0.45378954138363925,0.6884050184921369,6.66847391305658,4.40658615703814,2
Merkato,21,0.23605046334646396,0.37455288702012135,3.230273457540939,18.527685033354004,1
Sarbet,1,0.07349674733001266,0.16686020169875282,8.979191869576658,54.12701109416781,2
Megenagna,14,0.16975790508754074,0.43052933846220753,8.881181889340358,64.5572181427428,2
Merkato,7,0.5197739485560177,0.14259414408190874,3.252906183617478,4.55851579486688,2
Sarbet,7,0.3370031764312863,0.8900970351838083,9.009608956904678,94.59708898455993,1
Piazza,16,0.8288833658826095,0.3458774607378574,9.961576734987789,84.2165376650381,1
Piazza,11,0.43088752366180594,0.15445974722332378,8.254156641239481,29.661248215709314,2
Piazza,18,0.2487142725876299,0.025447759905750877,8.448713477552289,7.718753022646796,2
Piazza,9,0.61714498660403,0.6458223862864843,2.4900873610908993,16.98870732190573,1
Piazza,8,0.7067772168854458,0.6369023174547432,5.767023988577563,12.694441375497266,1
Sarbet,4,0.16704190790094986,0.34060416658129167,0.6725591396736785,12.328377929894685,2
Sarbet,5,0.16761921628831766,0.071711888847651,0.9491793682166971,51.85616886657339,1
Kazanchis,19,0.03667142693354297,0.409628894895232,9.988926120332906,24.58474424934003,2
Gotera,1,0.7364020150656405,0.3112174950633936,3.2663924942591094,35.81397165291445,2
Bole,23,0.6638045276218051,0.6771206397350094,7.481839120488464,98.95053333843225,1
Ayat,12,0.4746308757498139,0.6057792494526903,8.066650530268165,68.43142489253448,1
Piazza,5,0.8441704489691971,0.36459372819754,8.580232710072291,94.89806670470014,1
Megenagna,4,0.8056701529500532,0.2178925542549901,9.976282974021565,14.255655503311559,2
Ayat,0,0.5853543643967521,0.9880359661555919,2.414964852568678,38.21394748325693,1
Sarbet,20,0.8682712805132586,0.45400162119611487,0.40350826859699707,55.47318032823543,0
Megenagna,21,0.20584121003676825,0.688274235780237,4.11191517994586,7.675806188873802,1
Megenagna,20,0.11191961939772788,0.14055296757836078,1.3008066982894695,0.41874436279578653,2
Megenagna,5,0.2697496115169896,0.4855896996593978,0.22425889162055124,67.04343337969175,0
Kazanchis,5,0.05708685608931485,0.027536719869465487,3.604268271414861,64.18195168014353,1
Sarbet,22,0.531169528001032,0.50545511791045,7.837382510752365,41.07888099996118,2
Megenagna,15,0.9366056922949615,0.9640174071177023,5.661806912250709,48.96440760320326,0
Piazza,3,0.03934354066850965,0.3842067129858002,3.1277798921035407,41.54430005920896,2
Merkato,10,0.1221099140100268,0.03899601257491159,6.543420054927197,2.4005044844888856,2
Megenagna,23,0.4521990282834353,0.03095579091934353,2.320181803088107,33.537160621746246,2
Kazanchis,22,0.9338750175279049,0.3879867599468695,0.14381446072085025,17.708225539728982,1
Ayat,8,0.3161561049767505,0.16002493646319405,7.643533864364274,9.842418910136875,2
Sarbet,22,0.5072348086883924,0.023352096328185912,6.237430848640091,95.67204338893498,2
Gotera,2,0.0415728590503921,0.7562136139501768,7.6230262450096,59.935972504216565,2
Kazanchis,18,0.14834320096208886,0.4585230088818907,0.3893801668766561,72.86562842366027,0
Megenagna,7,0.9866301229588469,0.2892447719726545,8.371196278306522,31.53637432661175,1
Sarbet,4,0.9651186964360455,0.9000831830164807,6.195262000363034,39.31471294940152,1
Merkato,3,0.004939980934409616,0.11613896020052561,5.633953507126401,23.692399389672346,2
Megenagna,23,0.951811785423239,0.9559188289553192,6.246140481145316,9.696567096542474,2
Kazanchis,5,0.6391199378155004,0.3139667173773528,8.644332468683642,17.90316374415838,2
Bole,1,0.8679182945200221,0.8884036723086812,5.86936506558907,79.75140452964858,1
Piazza,19,0.4547398556338591,0.6029428764794615,5.809503798881793,67.75458051837758,1
Gotera,10,0.5155960285792502,0.8267073597414875,9.906791570657658,54.69288759854769,1
Ayat,3,0.4888465802569202,0.9840131632104643,7.56730167068568,47.508987286676806,2
Kazanchis,14,0.6668642575461043,0.2884054378187457,4.422938054511353,92.24342836561244,0
Sarbet,5,0.1396512547563129,0.961135485407593,7.073970000329277,7.273494777866841,2
Gotera,21,0.029973589872677953,0.38948189490242036,3.892304716917885,28.060081323791596,1
Gotera,16,0.3079299415911909,0.3855119047369223,2.28875462483499,34.9937853570714,1
Gotera,23,0.7046807627366467,0.3403871042545057,5.968518768877594,78.24258122127878,1
Megenagna,5,0.20185345212294836,0.5414076073475852,9.281820981139514,99.25146201619714,1
Piazza,18,0.6734324333249173,0.1541450431784871,9.291395200154627,24.067051475715306,2
Megenagna,1,0.9699120461072704,0.5537114853580112,3.419052781054903,87.43073341370805,1
Sarbet,14,0.09390071578941839,0.541704812410004,5.276774662216949,83.06227604317912,1
Megenagna,10,0.6726021182251263,0.76190181260487,2.116358985698612,22.46573976417666,1
Bole,7,0.44375021930457115,0.8336499619375856,9.956311094988834,39.933258019922256,1
Piazza,18,0.8681422543775054,0.44044135031242404,9.811179078679357,40.96728692925191,1
Piazza,12,0.1771497894473859,0.30233324935149375,6.495089297074474,97.82206685265584,1
Sarbet,11,0.6926259522261645,0.25933489731709447,8.044140596774733,18.089190137889833,2
Ayat,4,0.8381152896481102,0.19462383670487193,7.151001612837,79.91579711047821,2
Bole,5,0.9446142194740232,0.05764758219902488,5.931582190394682,33.419271417310995,1
Kazanchis,21,0.6832480282896458,0.34244797883471334,0.533479969888977,73.08703457761604,0
Megenagna,3,0.4971747640084273,0.27024769213078326,4.54764342552661,42.001100429566286,2
Merkato,18,0.6178472402012138,0.9664173858664074,6.747863021674105,57.835976311654,1
Megenagna,19,0.8689049844787182,0.5577088262500439,6.775316138836846,83.26117733261312,0
Gotera,0,0.5706097466388297,0.34727703903050755,3.7312261842238357,80.41655649838842,1
Megenagna,19,0.03038705969683686,0.580467600993696,9.416919866580306,86.64231835397001,1
Kazanchis,16,0.9309486955069778,0.1391967013456955,1.67357032236781,5.961732534465902,1
Megenagna,11,0.6895267510315611,0.4440437492022029,5.003594462155606,69.20505530397449,1
Bole,14,0.6765133857772465,0.6262343214210638,6.908839765508228,13.998737672176286,1
Bole,0,0.21567515239771717,0.4888978317924514,6.971358058918092,41.5818568018411,2
Piazza,13,0.6588854702326572,0.40177880065432425,6.486389567688155,54.858841505468845,1
Sarbet,5,0.3938644056541585,0.9938483888996982,2.7528821345186016,40.273948474683074,0
Ayat,4,0.6512329770414921,0.880314762148927,1.5620656868662197,51.961167580300746,1
Merkato,10,0.10659303030799072,0.6234059581594401,6.3594032682671084,99.65263087986192,1
Gotera,3,0.657845304603036,0.5693773611822828,5.993021161394378,13.521731371285473,2
Megenagna,12,0.9994137257706666,0.620660479824584,1.7935601028924097,67.54560453364256,0
Megenagna,10,0.04821203886055603,0.20131210782243325,7.051391455705634,39.600096638561524,2
Kazanchis,2,0.9771741842213173,0.3951377432643186,4.551719917336564,13.300979890732878,2
Sarbet,0,0.4069079607228706,0.03945953289089932,6.6776059160315295,15.873676337430954,2
Bole,5,0.8707534503372591,0.47554603748682667,8.373670797701507,94.92731062456168,0
Merkato,17,0.7823854840582735,0.5430245839576632,1.6972842857692316,87.9601496711762,0
Piazza,23,0.5670162609866678,0.2277497361032096,0.1914486799683668,90.70419604150219,1
Bole,9,0.7384492092513265,0.9640288471655137,7.791025863957868,99.15327758273865,0
Gotera,4,0.8785155613013479,0.909454610937242,6.096974251526159,20.831539000851794,2
Sarbet,22,0.404140321651033,0.7221432354559059,6.996395696221217,35.543933736406174,2
Gotera,9,0.3270331615632387,0.5333866287653626,8.381549749886425,66.92190299248666,1
Ayat,11,0.6675933855635847,0.869969159647685,8.028109348245005,48.38025398606472,1
Piazza,1,0.8078459419412586,0.1306523438234629,9.609201469288246,41.83895333783335,2
Ayat,12,0.7622851347766157,0.790509794274885,5.359350788521182,35.781124933559305,1
Kazanchis,7,0.7978136488586345,0.1248208139668483,4.884956326599053,59.37806319434522,1
Gotera,1,0.435583314812933,0.7942106625494054,4.018871998907301,57.5593428640082,1
Kazanchis,19,0.8178342161750216,0.27576756825135695,1.5369104284420454,16.14578340642401,1
Megenagna,0,0.12020905537060844,0.8770905810181889,5.726072328820225,47.173983751843906,2
Ayat,4,0.5444890979608495,0.9440420938253978,2.7701252432597876,55.347177620984986,1
Sarbet,8,0.0057586604981215705,0.14879596940511564,9.213075122129755,57.02869387313905,2
Gotera,16,0.3245858299002703,0.4626756050653935,5.8319080427709755,21.01071929123518,2
Merkato,8,0.3664615348713979,0.9809873781626851,5.928401805081101,74.22713922522868,0
Piazza,10,0.3961726916092554,0.4834074359731466,3.5492466087701002,2.5199094821069634,1
Bole,14,0.6954672066898622,0.8635475225145451,0.5198935197770749,35.483185554316265,0
Sarbet,23,0.38855810127034573,0.5887315221313199,0.3174376537298862,78.02126485356335,1
Sarbet,5,0.44869362262253065,0.37532990791960186,4.233351441531975,56.389292105540235,1
Kazanchis,22,0.23754413087432746,0.2857835555258702,0.8456537809723785,26.116243251086026,2
Ayat,2,0.3732517916293401,0.20322309108608727,6.068469555401391,69.49531193430477,2
Gotera,16,0.22726962726315147,0.7617981913776972,8.809730056396575,56.73909441560734,1
Gotera,4,0.07319592376844364,0.3865405068230279,8.829148165187222,79.62436094563871,2
Megenagna,11,0.6034485933813779,0.5112754622007512,6.590454101322324,73.50251861898234,1
Megenagna,17,0.6682127985550163,0.4923254800011819,2.1123183147293103,61.01079220362347,0
Piazza,13,0.6194903460096145,0.5772790292331312,8.629968313588721,48.8177675310814,1
Kazanchis,20,0.46349404380057235,0.8655771456245522,8.860934353132082,13.31821256675234,2
Sarbet,23,0.3797857801792298,0.9807393435834294,1.966535849529587,26.133301788538375,1
Gotera,10,0.8633336495718252,0.40758420857381694,7.374260857706773,41.90994729170853,1
Merkato,8,0.519081785136218,0.8275189221063031,2.8651954892712297,59.92992870063887,0
Kazanchis,1,0.47918187762973097,0.7645277946547177,8.026403123529297,51.37078552153048,2
Piazza,11,0.025642065806435688,0.5735289514555733,9.972378999036026,28.818452595952948,2
Piazza,2,0.34124782762615635,0.9560471436119331,0.30026005329392813,0.6464357789710551,1
Kazanchis,2,0.38019561878585706,0.20047451552840279,8.973658657909318,49.623922190081394,2
Piazza,0,0.3988227808969005,0.10926421030962141,6.226305335986581,28.56259885622431,2
Kazanchis,7,0.5801723692273323,0.8539619669554221,9.733826191648213,73.46083007105351,1
Bole,21,0.5336025467268785,0.4391498166337483,4.650095175264276,2.394626527048349,1
Kazanchis,7,0.6079050927934446,0.8469688542070605,8.473879305713737,58.482781130579085,1
Ayat,10,0.7648832615421283,0.8930902051954149,0.6239406859827723,94.14742375060654,0
Kazanchis,8,0.8129857387160935,0.06245759361907144,3.352790500782957,17.440926711149952,1
Piazza,4,0.7181230762264944,0.8834647629860607,0.6701653775120997,47.16494907505954,1
Gotera,13,0.9555236959549347,0.4483190553694222,9.753431334790704,9.142199181713817,2
Ayat,2,0.01823258267636163,0.5104324890042322,8.169739072718368,62.56819122613526,2
Piazza,20,0.1957779856835461,0.6265925110932102,8.525474212459706,55.05316805962256,1
Megenagna,4,0.00756287497814212,0.9263826067300868,9.379652314338943,40.736552421283236,2
Megenagna,4,0.647474714154603,0.01911609442976403,0.8510348611978535,52.13770214737412,1
Gotera,18,0.8980305489499869,0.4768434683178171,3.8559759251333334,89.65746584690102,0
Gotera,13,0.24348229657629927,0.6877220424305607,0.7103488904400213,19.629430231106703,1
Ayat,3,0.9270345447963066,0.7227069576982285,2.107931015500286,2.2564511705347234,1
Bole,12,0.06026739028956085,0.692532431537108,2.293657770376724,86.16648846991009,0
Gotera,9,0.9344360268055143,0.13443512940812186,4.691072110475787,57.71170823879065,1
Megenagna,17,0.3516226872396344,0.29939558837168123,2.685621674536426,89.06584554618424,0
Kazanchis,7,0.10142082844921652,0.35871552541701346,1.009781068177611,59.69452234131726,1
Piazza,7,0.48587175918632564,0.804437207679505,1.674910890941077,81.01610899597024,0
Megenagna,6,0.25677656772050794,0.278759872414553,1.4727556355209093,42.967336335514794,1
Megenagna,7,0.28487290196192283,0.21070496386720317,9.730767979122984,74.98599312882688,2
Bole,13,0.3072899649262866,0.9574480190380962,7.592925069184736,91.3041466889856,1
Ayat,18,0.8030258978326634,0.0088632851134689,9.67761465269562,57.21229637222063,2
Ayat,5,0.5391612766752545,0.9978208556819782,4.397404865079086,18.078515056237954,1
Sarbet,0,0.31130769915600365,0.6768212988573956,2.783684816626566,26.879761503019818,2
Bole,22,0.6103337833109184,0.8284692994491171,7.982931972091867,19.86445768974058,2
Kazanchis,14,0.7161506742231936,0.29461939634619316,3.262539180411468,24.685702759573292,1
Ayat,0,0.27262400073353377,0.014315277667059978,2.9938337370534827,30.64154493510364,2
Piazza,16,0.4135491015253515,0.73786951856153,2.325059922078312,55.51337867531885,0
Gotera,0,0.12188609333694755,0.8341445970006758,1.2967897822423535,58.79916294638328,1
Bole,14,0.18114934953468032,0.7404761319535191,2.5646306101676597,42.649974724186116,1
Gotera,22,0.6811178539649828,0.1428502873008386,3.553197484738877,61.54207798208354,2
Megenagna,1,0.18143834769562694,0.7534279222569691,6.739942081457304,8.157492561136593,2
Piazza,13,0.5251633836670602,0.768922782107641,0.6256484221945158,8.778823705815997,1
Piazza,20,0.7090462617224327,0.6585405156700549,2.1050693966534295,17.182946035765845,1
Megenagna,7,0.10687692309474384,0.7661159327955862,8.090236402916764,51.80774980403447,1
Bole,7,0.5673122196289035,0.8459214396777321,1.4692192358377076,21.399467869831355,0
Megenagna,18,0.25656278370136376,0.6136041142374584,3.4264514652252154,28.328440349257733,1
Gotera,6,0.9629268752375798,0.08860471396967906,8.6465892185814,40.03128361729941,1
Sarbet,18,0.4835456467199247,0.48762780966721087,1.5492531114344266,81.18661240103798,0
Piazza,5,0.8059925497751581,0.07764933467160506,0.827368356181899,1.3862135912860118,1
Merkato,5,0.5502265421562618,0.40754303103243084,4.845379950800108,64.93788202366224,1
Merkato,2,0.043412532854819164,0.40710648912562764,3.024195112785364,66.88765310406853,2
Gotera,6,0.6331513755940223,0.06600984414024158,5.634083644838541,79.86557803566366,1
Kazanchis,18,0.951403342206657,0.3488205339694793,8.038048904834751,93.27529390603132,1
Ayat,7,0.6016118201463312,0.11099809879131484,1.3714848815274316,2.0137848949289827,1
Megenagna,9,0.8191888594267902,0.8082352100092222,5.80699084554285,15.378370551321618,1
Megenagna,19,0.8842064633484078,0.9476880259644708,5.055087603898639,88.6171294055993,0
Kazanchis,14,0.22807977194893247,0.0723164752579386,1.4407878601319957,45.851856218701535,1
Kazanchis,14,0.21204483990822665,0.9551152072917014,6.2399848552898245,56.459063893346354,1
Gotera,0,0.6109809888509917,0.5225765993367452,2.7364041786077165,66.30272037231474,1
Gotera,19,0.4110284698067047,0.2995656779538739,4.878343185440125,67.90666044956374,1
Kazanchis,6,0.8398613028667203,0.07686207527616351,0.8227232427706188,93.17404033165082,0
Piazza,3,0.9000231233980112,0.5006242680704178,4.595840572136231,99.69494174116697,1
Gotera,5,0.3534213793027181,0.7945155444907487,3.0646346804282034,72.01574609309402,0
Sarbet,0,0.23687055897448206,0.7070864772666982,8.223812111853544,28.72212092051508,2
Gotera,4,0.7805255152438618,0.05022601146397376,0.5697872699736828,87.97524022943436,1
Megenagna,22,0.2748060355481361,0.07290183536790351,4.1860727491833,4.922091454076161,2
Gotera,0,0.8226143185136784,0.4028732826326371,4.58431424131438,23.10808528744962,2
Piazza,3,0.42373825364876283,0.2952904940479433,7.250060762991187,89.73857174637149,2
Kazanchis,21,0.6675498992914705,0.23238432305604784,5.74287575090211,25.619151443935493,1
Megenagna,1,0.09553531383466818,0.2810044989087136,6.672123371941811,22.065105962174847,2
Gotera,9,0.623859324676573,0.8034827432968846,7.770492856517562,13.812529314024724,1
Piazza,4,0.4517676787372291,0.9292280536318539,8.622029736581888,85.91117576469165,1
Sarbet,9,0.5866084631754741,0.4051026945275664,3.1387549672247053,50.00582591910867,1
Gotera,0,0.16801420774486342,0.9061110021324971,5.38022705363903,67.48932030541548,1
Piazza,21,0.7368737449441821,0.32149570124788196,8.401080784391999,23.906638407502967,2
Sarbet,5,0.8627970775432285,0.4764369863437916,9.894511309650564,75.80404210112165,1
Kazanchis,12,0.21673980009077565,0.22602899781599972,8.895193110437631,76.00055449620984,2
Gotera,14,0.09571455552016173,0.640476042175844,3.714672626243768,31.259802490830012,1
Sarbet,3,0.023638586046336396,0.9789811151748089,1.9516651721865041,41.06826330102828,1
Megenagna,12,0.641971500443266,0.6034930960433786,4.893925374065887,20.969027743020085,1
Kazanchis,23,0.6070940360887808,0.35781408411354887,7.416414518360423,97.65610233229043,1
Megenagna,19,0.54669741271407,0.6478174459905284,4.925690707532976,64.56025770584117,1
Merkato,23,0.23194709611597542,0.12292067846538757,4.831808633136685,93.45438807155155,2
Bole,14,0.39090599590551467,0.8886590802653986,8.382304210818006,30.338554362913317,1
Gotera,7,0.594476335186173,0.5030839507798364,3.6140377906718637,78.18909129968897,0
Sarbet,4,0.4967668588591694,0.44934974203964206,8.597946748116456,76.5858643884742,2
Bole,14,0.9877855202148873,0.5858647884535192,4.068048009517236,69.16556518665415,0
Bole,3,0.13643975255673313,0.6247838627894025,3.282331056783394,96.56389752668004,1
Sarbet,11,0.6951445540475938,0.07177580622651303,4.53989911199699,39.355533610631554,1
Kazanchis,12,0.4043187681042921,0.6826172212234024,7.624469586748685,13.07173235897573,2
Gotera,1,0.42819961492561476,0.24193168031552958,1.2600202786399428,67.17088592440608,1
Merkato,18,0.7175977656581762,0.7139526325065898,1.9641921587201738,72.93098004772062,0
Megenagna,18,0.6924361513243696,0.8225347943841967,9.514448256630919,57.506057345881466,1
Piazza,3,0.9912559937021883,0.8039585075525203,1.7549162738135737,20.681789313339628,1
Megenagna,3,0.12839428945412523,0.5525009674078891,5.6772731793105455,50.445594166935535,2
Piazza,10,0.10410964938416634,0.5201698923107512,5.793144666619378,31.21897365691294,2
Megenagna,4,0.7243388171287412,0.14287596133941172,4.896244620502448,42.746652816668906,2
Sarbet,19,0.5783869170064091,0.7753461504031356,6.447452485768186,64.52185758446639,1
Merkato,10,0.27416066655980587,0.27140938044671437,2.2982672579761845,74.52147426908346,1
Gotera,9,0.0794193689889866,0.49669542281794654,5.526622677767482,23.22246909013431,2
Piazza,7,0.08565824959643054,0.2842740929275167,3.7217325524689713,40.532536064695336,1
Gotera,5,0.8941908746641183,0.13382836299969314,6.61667259629189,26.91615709916292,1
Gotera,5,0.1918673247187429,0.6295576968917366,1.4122354337314946,19.86316138618691,1
Gotera,7,0.32337156211552076,0.05433203482290383,5.708774168394762,78.33872199958384,1
Ayat,22,0.22665640222698802,0.7486452341262,1.852703553833237,90.92526944369924,1
Kazanchis,14,0.3549963058319373,0.31758679526111666,2.786430631150364,37.02321856845767,1
Megenagna,13,0.06942384274609337,0.00013469300448532007,2.1870980032358323,75.12789243737669,1
Gotera,10,0.5190597909082704,0.5111291392372298,1.828377798688171,89.69952893644111,0
Megenagna,11,0.0676125635922149,0.046851908527603126,8.25710951560667,84.61242105302316,2
Gotera,12,0.8003565078223616,0.27616955782089947,2.857075676608903,18.28133885392259,1
Piazza,7,0.23371208191043302,0.7069764874557162,9.271237818644494,95.62918815133614,1
Kazanchis,17,0.5400119146045106,0.06268962162186587,9.699265253451909,37.66764404294625,2
Kazanchis,0,0.8800790875614583,0.8393384923560023,5.712604699370973,33.92406611738363,1
Sarbet,14,0.6508773690471942,0.003819922658583108,1.430011226657264,6.2431327277780335,1
Ayat,7,0.5329577865513353,0.24682386920190225,3.7454824337958126,48.6173654104883,1
Sarbet,10,0.3243337531153756,0.7409040561520714,7.9773226334821405,10.90136156409287,2
Sarbet,11,0.33300191305819793,0.3162701497293068,3.673907286970705,24.853982092742598,1
Sarbet,11,0.6694869551981901,0.10189238806601353,0.8701721830278875,31.694262176728138,1
Sarbet,3,0.9941393612211675,0.3602339188004279,5.567849109281879,80.8826323491684,1
Sarbet,15,0.6618391898493786,0.27039328638452553,8.451208514960348,87.54886503958966,1
Merkato,3,0.5577834173700249,0.8427119021605549,7.959263871435024,30.246631746146967,2
Kazanchis,4,0.7306505102392461,0.31334791758514313,1.7512314013035324,85.86981212445738,1
Sarbet,23,0.46520561228371815,0.7889324717760072,6.727646144124667,85.72309373697911,1
Gotera,4,0.060142342600785215,0.8918721448107347,2.205042634356471,76.46509503848735,1
Kazanchis,7,0.5622968158779098,0.43381741957652953,2.1820753455217226,14.669511401518154,1
Kazanchis,9,0.9576252845053802,0.909943143854392,8.740717733051852,69.0322846900729,0
Bole,16,0.17530294235765964,0.37731805396319285,2.4966895274023013,94.50240645805688,0
Merkato,8,0.6900048908206657,0.9640784164901082,2.632473465180112,68.2540478767157,0
Sarbet,21,0.20093368865905648,0.08928952452557293,0.006533907612995549,33.16168491078339,1
Megenagna,18,0.5358276844730813,0.6870192665032427,8.706690341255177,50.05793174308313,1
Piazza,13,0.09667644964671962,0.49381404045692867,7.925948132091348,64.57250433510536,1
Ayat,7,0.45037093625818514,0.38764880545564706,6.27328935090678,51.05704087285036,1
Gotera,8,0.7561633288952461,0.6327118787486009,7.502657639388422,11.995294173096982,1
Megenagna,21,0.3475715242389821,0.7038570916343312,1.520485674244918,31.206404465202063,1
Merkato,10,0.664911724487218,0.004363269650309087,4.583235945875755,80.23960305536325,1
Piazza,22,0.7954499607897292,0.16695308874719872,3.512193873487809,86.14180460955174,1
Merkato,0,0.9271778194794527,0.7130460506343187,0.9377652625701649,13.730003271557024,1
Gotera,13,0.23464208185545354,0.6663854135782065,4.861304852149241,95.23867523987246,0
Kazanchis,4,0.39931591580930814,0.9660475051286772,9.207396503426354,32.88226178486093,2
Piazza,20,0.15241601333041743,0.761037790250783,0.4005911905069448,66.231373873072,0
Kazanchis,13,0.9924835021583752,0.950772707731338,2.9146091349379386,75.18251459566811,0
Gotera,3,0.9270009679242953,0.702540501534807,2.0754093620570346,81.19462346378835,0
Megenagna,21,0.5399571302805596,0.29805220863944315,2.381466536656963,94.57497022259301,0
Gotera,22,0.8420332943764213,0.10536492225085647,9.084345518793754,31.29195480288226,2
Megenagna,0,0.5209579772720422,0.7818238633449356,4.6806905423429015,85.85064545515544,1
Piazza,21,0.6235856880027597,0.6441492214759159,4.662994129398188,13.168690343620703,1
Piazza,22,0.08912443211601662,0.04818601239329623,7.605756424552823,70.50409063535928,2
Sarbet,18,0.7552704204968079,0.36005046590097833,1.544922040049258,74.19777295139859,0
Merkato,7,0.12771348363523483,0.9567998154842862,4.872653541000508,67.77232412013204,1
Sarbet,14,0.8260676302525284,0.5004011457102012,4.2998521412105974,25.2314736135153,1
Merkato,20,0.7820280876703859,0.43272913601970464,5.969106905466561,87.30431470152034,0
Sarbet,14,0.7087446977429764,0.457699605159294,9.995577032504386,16.8858463370395,2
Kazanchis,8,0.036160380524762115,0.20888272400516372,7.694488940820471,5.363479152083084,2
Piazza,20,0.3031283559453286,0.3687071708647952,3.978657030174272,71.74649906119122,1
Megenagna,8,0.26311256991084286,0.3698132559871766,8.27553052274047,47.54757152327337,2
Merkato,9,0.3601364074715191,0.0523550201874724,1.7070836331248018,84.90980199586761,1
Gotera,19,0.08764274676383854,0.7675676285179183,0.30463686308960125,38.3397141058259,1
Merkato,20,0.9369578230310628,0.416504431903879,2.0444837246427303,16.827858850771282,1
Megenagna,8,0.5538022407123763,0.8221798868164233,3.4041155611425964,83.64421924698698,0
Sarbet,2,0.30552431065802355,0.8503480011198954,5.105807574595599,54.89096316400717,2
Merkato,19,0.3969815170742834,0.21199405469865806,6.151291405411998,18.91957923903549,2
Ayat,10,0.44720254050483565,0.6573534821701286,9.106057172144217,72.03839985864458,1
Kazanchis,5,0.6005943333606173,0.4722818041629817,5.0985400955045765,51.111363848950056,1
Piazza,1,0.5156794276964978,0.8801567379214851,5.012756446257294,60.431298224031984,1
Megenagna,6,0.9193919732144173,0.21574067917645412,0.5024300982298213,46.089833820658185,0
Piazza,17,0.49696348290583026,0.6778132003100442,0.3491155265622381,82.87089838180064,0
Ayat,1,0.9921580148233127,0.6077521222527226,5.511599619163721,82.95627156830498,1
Merkato,16,0.8514249577450957,0.2953014775718328,4.381786132483445,70.93888218243862,0
Merkato,10,0.2085105143573358,0.1366009036511726,8.391803949802986,10.540137739646227,2
Gotera,11,0.9305952146439163,0.6516397604772766,1.6067958471184518,83.88538619040689,0
Ayat,18,0.11636639788547609,0.7385974581323307,0.24971662117049598,67.10129805329098,0
Megenagna,21,0.8174497084911916,0.31562734376335,4.490387679301259,69.70241660042996,0
Gotera,23,0.3806232934765801,0.6448326040223138,2.374785567522575,36.298284040387166,2
Kazanchis,6,0.8779743204450695,0.39513090761150327,0.4961437333883745,87.92795561570067,0
Gotera,19,0.8680566901074503,0.7132068832826177,7.24598286847629,72.53716002348575,0
Bole,5,0.8059254001176211,0.1992152748940531,1.1159299995724747,11.259046652919446,1
Megenagna,20,0.7900304363070614,0.8902150026361744,6.083195000077717,40.77780344061627,1
Bole,23,0.3046791390980408,0.28740959646557973,2.8104975016688916,88.63803619601417,1
Ayat,0,0.08091928305125218,0.3677859877561529,1.7349605035502202,4.719670169737899,2
Sarbet,16,0.40298017876516146,0.058091952080349785,3.7975152291931744,96.14166196420496,1
Bole,10,0.17352451498650867,0.1115122123212764,8.014457762229537,67.91625683195628,2
Kazanchis,21,0.6949510889024617,0.5158619027123281,3.9209357690457267,63.13759776433766,0
Gotera,17,0.34609972653778553,0.2675926767279715,7.507696492110557,27.05592564879914,2
Sarbet,20,0.9756102008599149,0.8354802257421944,1.2548629679915069,24.879178873917706,0
Gotera,16,0.640972077345332,0.014693388654953843,7.727714196650791,94.20582194885955,1
Bole,6,0.822480563634361,0.3790940486719362,2.3693332490664867,29.827245423412275,1
Gotera,16,0.13252467274184843,0.3373455467690927,6.773931298888728,77.55052967189994,1
Ayat,19,0.8620144822726226,0.019327630917601035,5.657815548409964,39.31217982070792,1
Sarbet,8,0.9227571905133943,0.12436839900051022,9.291447172116873,13.925407078470398,2
Ayat,16,0.4870619188189359,0.41364267491863527,3.87322517975314,1.071529769535895,1
Bole,19,0.6062529377509774,0.49286458444744663,0.6616518883444045,54.42573370152508,0
Ayat,21,0.7648098009029954,0.4042897472548691,0.19155485551252904,97.57788185489326,0
Kazanchis,21,0.17483862726041255,0.5309376784120938,8.26858560972753,36.91361938092045,2
Bole,7,0.5025660764634424,0.5951316749056815,5.247356376614322,35.719233399304485,1
Bole,16,0.3986630277723131,0.00992382112783563,7.752440518349493,34.40916178494421,2
Bole,6,0.1463739921622491,0.4640951594535039,2.3442560001151467,52.054383730485846,1
Megenagna,0,0.36753442229153144,0.9634992408875883,3.450837455132337,44.06648834242935,1
Gotera,12,0.06817230938549357,0.5190322801295487,0.3010387221131894,87.99146267270145,0
Megenagna,22,0.025811906949486985,0.6775422674589532,9.614923245741121,50.55207917234903,2
Megenagna,18,0.13516628915482276,0.3118638579168832,6.678679067008134,50.77578381885688,2
Kazanchis,23,0.9631151115891738,0.7739913781527625,9.332050877593062,13.83715947205566,2
Sarbet,18,0.549529535895017,0.7729214818761151,2.6549640742907235,98.27395409103859,0
Gotera,16,0.96582216115322,0.521296047654139,6.114636112256608,24.99728908688297,1
Ayat,12,0.432497878330132,0.9760138232792136,6.784999682926378,7.336406745960266,1
Merkato,15,0.3118161330852596,0.12555021476265338,3.1754970025758844,66.31462489752089,1
Bole,7,0.5061418628402441,0.016947664889580993,8.4810923501563,59.53663701568727,2
Ayat,18,0.4395116886329101,0.770158211757096,9.471614629002477,41.514565399274574,1
Bole,17,0.10566468426174391,0.8071555373648825,8.848551176960044,42.2192233880678,2
Kazanchis,0,0.6408263146902062,0.12020722912057624,7.390669759393726,78.50639210464311,2
Bole,13,0.2160381825095996,0.2655828329586061,2.7746467972495403,19.571264009964906,1
Megenagna,18,0.6195879548978296,0.01755236336662891,2.8161604210563174,82.02533189448897,1
Gotera,14,0.6502010923981534,0.2933086107805647,9.633603204460378,64.87471138950181,1
Merkato,17,0.1520248531286481,0.7731418739186715,0.10284495935692028,41.89697737795244,0
Piazza,1,0.06134962711066816,0.5179605277125789,7.160499732421445,45.80286165838686,2
Bole,21,0.7807615860684398,0.3480955931682881,7.062461625552622,25.66472071860958,1
Ayat,16,0.4598004237693202,0.3717392949063303,6.226895409497974,75.21143326969748,1
Megenagna,17,0.05816379550547579,0.0013536257154681541,9.901088460868658,51.287474230526776,2
Piazza,5,0.9948663171697671,0.2998005275652359,3.1187943576372525,32.08545427498436,1
Merkato,18,0.05778056099636664,0.6464587416379305,3.399718637932482,59.60501157609502,1
Piazza,3,0.6950352288585532,0.9741944438163571,0.7893940294655555,99.5734452051323,0
Megenagna,0,0.9836789252634136,0.8470608269838995,4.4279813654373745,43.52622796565539,1
Gotera,7,0.23918010421592562,0.023594964645529126,2.610485262348481,92.06914007786196,1
Gotera,22,0.14224936868719618,0.8985606046748393,3.433867021776442,34.50168399245661,2
Sarbet,6,0.1213849394224289,0.7831984132986259,8.345717902556277,5.4732706924985886,2
Gotera,2,0.30327514756759555,0.7803761235709804,9.354845135274957,20.424210636842886,2
Sarbet,9,0.10104581101064669,0.4579957590035715,1.8573307200518563,41.86951433276842,1
Piazza,9,0.6921613416941319,0.3980052929545028,3.7250893155346585,21.963492859456903,1
Kazanchis,18,0.06229179813006269,0.3029157288331926,9.286305621153941,0.02270382182555375,2
Ayat,13,0.5094221281497897,0.06569485895436578,0.6180846068922263,91.50015377475272,0
Ayat,1,0.9966968538529768,0.2282353634936991,0.9236052811137851,84.3879411230929,1
Piazza,0,0.8139702695060188,0.24660363497802462,1.6279098920622936,74.22922314869471,1
Bole,22,0.6152194382310109,0.4840770697102016,5.952128341268748,16.781459564602862,2
Bole,22,0.30625362078661167,0.747444406596694,1.5047227100599747,12.036357620998606,2
Gotera,17,0.6238958362916385,0.4738098283979466,9.680763814507335,6.760474947238315,2
Ayat,6,0.5270414639116516,0.057844449447160606,4.467145272585204,72.40291887729212,1
Ayat,7,0.4260833838903715,0.9577898009882039,5.015179603501664,92.88079606878853,0
Sarbet,0,0.13071037674019947,0.9427243190941123,2.466586158054065,43.053582091303696,1
Kazanchis,22,0.8866042152404667,0.7851895431484084,4.709602524347335,11.914067199604816,2
Megenagna,2,0.4497846488213225,0.9913279015642206,6.619136326370115,51.23928207321066,2
Bole,23,0.19462251182076507,0.5444823328002629,7.511771369540428,34.88319074586301,2
Ayat,22,0.3677593508772896,0.9627683502532061,7.53868082709913,37.48249243499977,2
Sarbet,7,0.41412975252892703,0.07560504061675077,5.7789111269408835,62.13306241557073,1
Merkato,21,0.8275378955668743,0.3656807482613713,9.043597749938572,71.87181132622024,1
Sarbet,14,0.733614380561402,0.22538126800676583,8.174078473061094,11.060359887316086,2
Bole,4,0.7693048936413398,0.19583308413427003,7.570481146986254,3.5590230806476386,2
Bole,2,0.011031264428647214,0.14080294889267608,0.5560552168046062,99.43303026857149,1
Sarbet,18,0.4161539981797615,0.6224136415659967,0.06877962219649314,23.272834891555185,1
Megenagna,0,0.4813441516353236,0.7813218557473051,2.1244727719547294,5.383052490845907,2
Piazza,14,0.019192276823056686,0.5782983994203607,6.635235939134523,18.987532909591998,2
Bole,7,0.2598132087450342,0.14696270958820967,4.111974888825458,3.895784634846422,2
Sarbet,1,0.760289823122135,0.8111237699334709,4.0240625929931175,39.181089461717164,1
Ayat,2,0.13710970572899905,0.6359547071637285,8.845868882296138,80.24017844513243,2
Sarbet,23,0.5353101314525917,0.3881657061269955,8.955628481318387,34.124444975772064,2
Kazanchis,13,0.2152018720172375,0.674130295536063,9.091752640535857,44.418340687836654,2
Piazza,23,0.012120774643893273,0.25990497924283285,3.138780765150273,67.55867735674389,2
Merkato,13,0.24120145759954148,0.3451922084942105,6.910558127392617,50.889407006988016,1
Megenagna,10,0.9758737549100538,0.9174858431319902,2.7163318127436966,86.14456860213242,0
Gotera,15,0.8015371118829896,0.2905045056714204,1.9060983307444979,86.60356750457565,0
Merkato,3,0.9595766443210334,0.4699882681579366,1.8463245734736922,0.9910695491153643,2
Piazza,19,0.48785404392636245,0.8901411373960146,3.4210762086359403,77.80463064831991,0
Piazza,4,0.1097361986775035,0.7077213502675275,4.299576197798217,46.073360024167386,2
Piazza,21,0.547959488973693,0.06220322616470275,8.309491710550684,98.88405413036631,1
Merkato,20,0.4543773345599609,0.14730304427897034,1.198910934727121,48.323207587543514,1
Ayat,13,0.844357082739616,0.007841590771916818,7.349258473948942,98.68959453882975,1
Piazza,22,0.09808258078424459,0.6309217902291634,5.314549141893053,75.45693612057366,2
Sarbet,15,0.4882411370217782,0.4476734254104183,2.879453426759925,24.860488461330633,1
Merkato,17,0.15004866469398426,0.13427485090227553,4.928195845328246,53.83949792869577,1
Gotera,6,0.32467592689006,0.9579341210567704,2.9994206977702262,99.21356394785828,0
Piazza,9,0.7373570773877997,0.5296597239456199,5.96081955238306,85.75306077519237,0
Sarbet,6,0.47601812936876653,0.24189329411288918,4.338439228552442,9.73668937912211,2
Ayat,0,0.37588828514576933,0.5006035711547075,1.6440552907887873,70.6371996809996,1
Kazanchis,22,0.3944762785700353,0.6796203327351078,1.1658307455569672,34.5579585870813,1
Ayat,20,0.45944676840598664,0.07623921797356448,5.466956820721301,0.6982261880348117,2
Gotera,18,0.7850165438370569,0.274703815047892,9.024130332861034,40.34809690269996,1
Piazza,15,0.8920846889402344,0.8069654908839936,3.4395768655768553,23.47544217249713,0
Gotera,18,0.9553346865039283,0.45966487040266124,7.330001072226232,81.88692705204716,0
Merkato,3,0.7869033862552951,0.5465771420322949,6.586613549397669,33.733060884576545,2
Bole,17,0.31540689574801273,0.43281600220946925,9.31554914309481,82.7523693953817,1
Piazza,1,0.6881347060865421,0.04389994264300512,8.209810172991409,0.05979388347953085,2
Bole,0,0.4376031240553919,0.16574977982015593,5.66605258905463,30.781915002611914,2
Sarbet,14,0.2546706220460512,0.4455416387418909,6.570304982341073,24.116521430776196,2
Kazanchis,4,0.8408715794259226,0.20918546540792782,8.983864665840349,23.3567361068611,2
Megenagna,19,0.038426348962324997,0.04997902865967874,3.995187845869348,6.81866197654627,2
Gotera,10,0.9017619921354235,0.8436496640518237,3.2679470585777737,18.712427041050173,0
Ayat,9,0.46147746462473416,0.9811925291641158,0.10811083635196339,55.55495698856199,0
Kazanchis,1,0.6372014768082804,0.7931428739967394,8.265510741914643,29.13610728377445,2
Piazza,2,0.6593539222057827,0.853784921704667,8.009807004033648,41.73947823291479,2
Bole,22,0.8951177407065364,0.24197713031704537,1.0445451810015138,37.68668803471885,1
Ayat,22,0.6366696821672073,0.9606269755131998,5.768573811327002,87.59049249998945,1
Bole,11,0.6139335847600618,0.19692570445342839,4.639816981668874,90.52989990105155,1
Merkato,19,0.06665204056068996,0.9514298103618323,1.1870909550911146,49.295697165586006,0
Bole,4,0.5184080219452041,0.994819293965951,9.805682270607235,33.01559503156044,2
Merkato,4,0.15016900081704165,0.7117228057460487,2.1469588746335546,10.680070400236364,2
Sarbet,5,0.7374337687214856,0.9811437317918219,0.6723418009056115,95.3402879382095,0
Ayat,8,0.5122219208126745,0.5695397795671037,5.948473795019096,6.022694490029745,1
Ayat,1,0.6802277792083533,0.25954178317609033,7.3886667713303265,29.765027756828044,2
Megenagna,20,0.041672900602384266,0.43699588566562086,0.32443446047186963,29.806620117000413,1
Piazza,11,0.08479201604580322,0.593560935378786,6.587176387270222,32.04012861402149,2
Merkato,2,0.7163233880626823,0.07308156202701499,5.322918759514544,16.428684327240926,2
Megenagna,19,0.07208433599867337,0.6223432646172461,1.0326500887504841,78.31614309236971,0
Bole,21,0.0712567277652586,0.9811778367622945,1.7252387694636206,12.249786196598922,1
Bole,11,0.01210847523488745,0.19010764978372763,5.679742973160805,63.49066591531628,1
Megenagna,23,0.9565013982994801,0.7925951162883833,2.9635761351328838,12.384602670581746,1
Ayat,16,0.737508359459007,0.9078987937796194,9.38315728651316,7.053563759295656,1
Bole,9,0.35325140850206416,0.9437015928202208,8.187402294840508,90.94295036858765,1
Gotera,23,0.2965355812876552,0.9601356044054472,9.835672065136631,19.01287663187057,2
Sarbet,13,0.34970322974584955,0.5214596387214719,2.5967083895041396,82.12501545597043,0
Sarbet,22,0.7746535311811819,0.9773079079915037,9.69723632797977,54.46308711071358,2
Gotera,16,0.6613706110704144,0.7573102071344389,4.312338697915578,7.78565196087696,1
Megenagna,17,0.18519556786746794,0.1616714362369619,3.4751879531375462,95.54481914380675,1
Gotera,18,0.17410933533408435,0.47690010646797,0.5034952696935324,24.696116699189254,1
Merkato,16,0.09839564971339732,0.718331175372004,0.5276525785960262,85.96453453526065,0
Merkato,13,0.6603027197013381,0.24734031581908333,6.920112559466547,16.88100057845642,2
Megenagna,8,0.7643726622217359,0.6406151835488874,4.579289944340279,85.39428821418528,0
Gotera,7,0.265046428325004,0.6666004790466192,2.265216260361057,1.3228812905293985,1
Merkato,1,0.020944961030912812,0.1626997438085659,6.139703063252327,51.178045656948065,2
Ayat,12,0.08217166747642735,0.5650853124527563,2.528581182501112,76.94425794215569,1
Gotera,6,0.9678600348450305,0.7716269109786077,5.776317543444226,93.47955174927833,0
Ayat,8,0.29544477747742026,0.4988956645359419,3.5920874698269034,90.92021362064871,0
Merkato,21,0.7692231478381336,0.012103116776107425,8.23552226611819,81.96248695476449,1
Sarbet,21,0.6246635688542638,0.009038469079292177,8.206961607667793,88.8191349661304,1
Merkato,10,0.3819396396528959,0.3570293439700122,4.773503981224013,19.92196858370765,1
Ayat,13,0.2056872621955551,0.926194068431782,3.508191093350156,28.418429571172876,1
Kazanchis,3,0.12138641815940643,0.22867677960360877,3.6255979655909454,28.89685249210585,2
Piazza,12,0.6150129680388666,0.6343636888716871,8.05714525668218,37.70539310016988,1
Bole,1,0.774633780637788,0.22207587069332058,3.28179482797612,39.33206703851887,2
Gotera,22,0.6439042535411307,0.3216699896595486,2.09059373706846,54.45553246546755,1
Kazanchis,4,0.5303021332491583,0.848042089601484,0.8468834187530683,15.987976336644138,1
Merkato,10,0.041951223431636264,0.7288614422699469,4.666931208844084,69.12466637859893,1
Sarbet,5,0.9684887775943838,0.09539927731321063,4.821320989198419,16.75665393045065,1
Megenagna,17,0.7987141916545746,0.4287020209864336,8.409087104029071,31.030848210454753,1
Merkato,20,0.29282203670096474,0.029169763645264468,2.2123869644606398,50.33451306061541,1
Sarbet,9,0.9799703293588506,0.480890146603009,3.809912736683999,79.64405615234773,0
Piazza,3,0.6018815896363221,0.6624340117010681,8.084057388936909,73.94692332387272,2
Merkato,8,0.5824226582072465,0.11850262359815156,8.236236107489734,64.55343564105223,1
Ayat,5,0.7480731794295321,0.28888493890916567,3.846110759787682,15.577326058017016,1
Megenagna,1,0.8117697880901376,0.3978366255021569,4.591240232866809,54.70453456155777,1
Sarbet,16,0.6564786073315027,0.9195310246560497,3.0328589084928295,8.744650179988545,1
Sarbet,4,0.12809574636620003,0.993255015422964,9.32554878419312,37.73631767966508,2
Sarbet,5,0.3382675059944984,0.044911298995615856,1.186437657415803,41.35165302899592,1
Piazza,11,0.9280836403260497,0.761007923495392,9.3374942300147,3.9811439445753827,1
Merkato,22,0.22461561184385193,0.37172406640234323,6.838664518353433,27.398809946997183,2
Piazza,20,0.3721670238375133,0.39245818622948003,5.315721526867312,95.56494672664894,1
Gotera,9,0.432076882944196,0.7542649733470227,0.32659060784495875,95.36326078296895,0
Bole,21,0.4394049896944522,0.9184264321454086,4.755961918220083,35.23270542525393,1
Bole,20,0.6129395824945255,0.9509285945025484,4.077481050027323,4.310010894832406,1
Gotera,5,0.9430758377447076,0.5771225860383208,1.6121881197512256,17.909493932818155,0
Merkato,7,0.24069271183250496,0.3571211593005028,6.564096035006569,39.221779343354015,2
Ayat,1,0.12150137630091806,0.7875490858587793,9.711509073682858,94.77796979692297,2
Piazza,11,0.19747048985993731,0.25100138326230026,5.621888110645251,14.119906353718491,2
Megenagna,12,0.8869249002092695,0.5640740288335178,7.147532764439458,76.35158436682123,0
Sarbet,20,0.645810812655206,0.35857846152487316,0.6845045256601678,10.868253937469207,1
Sarbet,6,0.28590678923916013,0.6566310737078761,4.176669958169947,98.12575773912768,0
Merkato,9,0.8159469389686173,0.2403989128935069,1.1635848516449587,38.161649910913496,1
Ayat,12,0.861369996363436,0.19159294573482577,6.127958355365104,77.5234538899056,1
Bole,16,0.846514338690278,0.9182390866754371,9.384821582141546,34.259108281113186,1
Bole,20,0.9189265336395545,0.1018036829495369,6.617777324716386,62.76688771588087,1
Sarbet,13,0.2522410201733616,0.5059579077349317,0.7680304831442153,19.201608474003674,1
Merkato,1,0.7550419287462783,0.22085278296300892,3.5466620498508283,14.602101929696254,2
Piazza,21,0.46053949727414,0.03892996332566745,5.506633794408515,93.80641395681313,1
Bole,10,0.8419985528900615,0.03601881829142639,4.032077561332522,91.76472779044335,0
Piazza,0,0.7284906771616132,0.17522177210582734,8.336440104751723,88.74689402128824,2
Ayat,18,0.7764474464997246,0.8667703545060003,8.146710047099893,62.543345016659345,1
Bole,20,0.6561618376810715,0.28247874397702666,6.118310201032214,80.82682112162783,1
Bole,3,0.17742876946970687,0.9504591705752957,3.7345794513270523,6.903693691137491,2
Kazanchis,18,0.5450269188969383,0.5816222929891935,2.5533637376324414,33.47890418906792,1
Bole,20,0.9846697395245082,0.4366141897687661,1.0587431821312931,31.37031247571562,0
Gotera,10,0.9373880664971189,0.5800888346694546,3.5489768348655404,63.56453219526132,0
Megenagna,7,0.04317373579701167,0.5166983852262678,4.1317251720771955,35.59577734706405,1
Gotera,10,0.16481481572943713,0.7587762537573252,6.758229251040736,14.85067816436808,2
Merkato,3,0.1317287734545619,0.28249606597285226,6.581598242975735,59.646707541354374,2
Merkato,16,0.7259799099852955,0.3530503916003024,0.7010813964125695,81.43839206690815,0
Piazza,6,0.8177853298569451,0.8940943025332507,3.952593154311578,38.21234944599732,0
Gotera,7,0.2135113663106719,0.9464565131504055,1.8177886721736192,13.22687150984817,1
Gotera,2,0.505852692951829,0.8925582274864745,1.568127053168057,19.668819731282305,1
Gotera,21,0.8407030280112,0.4194479939573136,8.27302149737246,23.7483305169384,1
Ayat,1,0.7328015447662506,0.7803655030068817,0.4191521671625753,29.989759299453624,1
Bole,22,0.5422372054918483,0.4763357333010988,4.191828759021213,64.27950705063091,1
Megenagna,14,0.5903476904587729,0.4975398521461022,1.682036557665182,60.0945484537719,0
Piazza,23,0.50836054691628,0.20468010905728395,8.79330215678474,69.60798615670392,2
Gotera,21,0.2975484513188206,0.5911303032585165,5.570405132750351,36.25019845315131,1
Gotera,21,0.5650219928590161,0.18613589775334793,2.3138063637684803,82.39976518799783,0
Kazanchis,4,0.6888853020500907,0.33156469906719377,5.024272871663764,20.40876611557603,2
Piazza,23,0.8733229158608077,0.8550302016199351,7.314863597031158,46.90407475181539,1
Gotera,0,0.6362913539792481,0.20707580921085522,9.581180089194337,80.09387215414303,2
Piazza,3,0.761121537043158,0.07115828517343281,2.2044600424541896,18.015864773261924,2
Bole,14,0.160071634954573,0.0690075926128163,8.861817721293452,10.986311374078294,2
Kazanchis,19,0.4615574744197899,0.9407845205031079,9.343041141674902,88.36839676879897,1
Piazza,18,0.009331619827093296,0.5069204379618346,9.164205445320663,34.29296627591959,2
Megenagna,2,0.24667886452162302,0.40941207181701833,6.354143568619098,68.3870124909032,2
Megenagna,19,0.7264617151130048,0.8108785810079184,6.298206544347077,2.534860426393848,1
Merkato,10,0.9918099513493635,0.835825927910516,4.032106331838228,69.00468884094497,0
Kazanchis,16,0.0991780995872159,0.3321910331156046,7.523978823037879,31.61013115469705,2
Kazanchis,12,0.40149431586128825,0.6936180574737952,5.312940183509319,5.574085358744174,1
Merkato,10,0.8000709686991595,0.7711228158518866,6.7743807122829445,60.9812761548117,1
Piazza,1,0.20403563462889884,0.6546506868659545,4.284579038487955,24.080381607317324,2
Kazanchis,8,0.5550849493022862,0.15159507480009937,7.31496464043139,38.680724205188,2
Megenagna,1,0.7330712960296748,0.875883083517057,8.24471517604549,8.058081228651359,2
Megenagna,20,0.615985450260179,0.5390945527360087,1.4643625660281612,14.716325109494532,1
Gotera,8,0.18802473461541613,0.2824724263700037,8.32929715574228,29.797723549584376,2
Bole,8,0.3553845686857394,0.4252281854376939,5.402965317903073,8.975950056015714,2
Kazanchis,7,0.7837917844853972,0.03757109039890738,8.446659090902243,91.08262646863152,1
Piazza,16,0.5542265141320166,0.12786680122241756,4.313017063410146,0.6047043183978418,2
Merkato,0,0.005229613542912737,0.7655467505158609,3.79040485383035,48.38602188643114,2
Merkato,10,0.7609907600280938,1.1634755366141114e-05,9.150607325172224,12.324745813255145,2
Piazza,7,0.03531135494023907,0.4165658284822922,2.5116926754840128,30.767908947794854,1
Ayat,9,0.7457337827312321,0.5225101810855884,8.442123252861432,92.60595598182655,1
Sarbet,6,0.2024805601652374,0.054634420000972295,4.840205725094041,16.169455327398687,2
Bole,2,0.9580734801193802,0.9730781629723328,5.140954425512597,96.58323197183326,0
Merkato,2,0.3679407513020845,0.22612533124967193,3.0846828148948404,20.579437698942172,2
Kazanchis,17,0.3269316163380791,0.30419871963628087,5.730422006190157,74.15661084668295,1
Bole,4,0.14888805033244468,0.30394251225502733,3.252111962762113,54.66772648973117,2
Kazanchis,11,0.3056042154902149,0.2304166621173499,0.3926941424165231,88.44787275967592,0
Ayat,11,0.8766507618282006,0.001473822086311416,2.7199860534435603,55.399325550313094,1
Megenagna,18,0.9963343376272473,0.7293447940879964,0.06379043406590679,53.45592191563087,0
Bole,5,0.36830953050684834,0.9668454997992854,9.783547870568567,19.54580003683999,2
Gotera,1,0.44861063095454257,0.22429348328504506,9.657472098197475,16.62293620516587,2
Merkato,11,0.722070938202737,0.6630471918034224,3.9515529747230502,91.64891511155142,0
Bole,18,0.8861957804650745,0.7418963269587151,7.28370854339646,32.78381988500341,1
Bole,4,0.5930443341867842,0.8484253790905247,3.45806098410425,37.20822549628959,1
Bole,11,0.39152569817782934,0.4226291970136091,6.710931570859761,75.98236584283885,1
Sarbet,16,0.41262184084862374,0.30293090564042924,8.05430043045979,33.882348242280734,2
Bole,16,0.6956181464968069,0.3252951340230311,9.467562446922408,95.20624466390028,1
Kazanchis,9,0.0032182636042786816,0.7126213330985128,4.00212275849672,73.79277689988002,1
Megenagna,22,0.6195893374598407,0.816779466505636,7.832979829560477,59.742924257342,2
Ayat,16,0.3554930104413574,0.18161396775660266,2.659284506321188,88.08951605447525,1
Piazza,14,0.7941973312770843,0.3709410081577652,9.903323037936483,4.960590834948276,2
Bole,11,0.09299063982313216,0.90194019674915,0.2576959876435114,25.706269218920873,1
Merkato,15,0.5882022669483905,0.8066935196947392,6.035288065011209,46.50363342209099,1
Bole,23,0.48097288988612374,0.9848584027624758,6.595059816513271,22.6978539471521,2
Merkato,18,0.6423255259052274,0.7542482596820808,6.880455570741288,74.39051873021519,1
Kazanchis,7,0.06485359448296835,0.39319520102792227,1.2038757878908901,91.92080310537251,0
Merkato,20,0.5799837874281313,0.5906378339946378,9.385297834731304,42.37701199309234,1
Gotera,16,0.5614845879595237,0.6610142542473203,1.811832790500828,34.2132600111895,1
Piazza,22,0.5606600944161709,0.07845581631712395,6.2275340323984105,96.15507321375662,2
Megenagna,4,0.6034876665964548,0.5444969591038651,2.2267607912308494,44.485243282754084,1
Merkato,21,0.6764679372263622,0.7093208284726096,3.0721641702127087,48.90484004492832,0
Merkato,15,0.8049889996807698,0.16732130400106038,5.464585417281244,35.164987234190534,1
Megenagna,5,0.26982072012821434,0.7806317174255571,4.171934185645765,90.95484730121383,0
Piazza,7,0.8250494101800621,0.5837727805141116,1.6022560097650629,56.89554832818507,0
Bole,17,0.4982556822634536,0.9522217856975946,1.7093640242084829,76.21745871816447,0
Merkato,11,0.07705827913433116,0.042422298206891695,4.181447881627997,81.18067183508863,1
Megenagna,14,0.0585509292439792,0.26532613755546697,7.572829782755007,34.18490419172582,2
Gotera,8,0.3342383186960608,0.6015538792998241,8.979646468477885,43.369433132038004,2
Gotera,12,0.7848969771114676,0.2965599122059307,0.8412766225938284,84.84717744062647,0
Kazanchis,14,0.7076809347409158,0.7144241640712422,3.9310390755940103,36.32553516758102,1
Megenagna,9,0.7886149646724064,0.759005282521931,1.0024556372287663,79.39351334518513,0
Kazanchis,15,0.5172690564416094,0.10251596406647445,0.16592480632597884,94.09923225744372,0
Gotera,6,0.44019899795549056,0.5138544642067677,6.617186826439566,62.3210373068007,1
Piazza,16,0.14745252670628395,0.5088905555910559,6.024494419665878,74.16272874518889,1
Bole,22,0.32819275360931155,0.36928077021554107,1.630191138148862,80.50973120411349,1
Megenagna,20,0.43401936617387527,0.9329248625696721,2.3381283309306413,84.50396488966425,0
Ayat,21,0.08860042967961723,0.8275063198732212,0.2370775364451838,39.505333785679596,1
Gotera,6,0.22061195271121126,0.6972093819096368,8.349472056944037,5.126345917599817,2
Gotera,13,0.5982252940637388,0.7143266357349976,9.746905960485515,40.187627123673956,1
Ayat,14,0.7356631142391898,0.4617161438131191,1.354595367946908,67.37562297840898,0
Sarbet,20,0.9983475113929496,0.9209945210965759,2.314752137652981,45.03503857807928,0
Gotera,6,0.9331133313435577,0.6945954272532854,8.68409523946934,74.89631508603985,1
Merkato,8,0.6425651995351915,0.7289810616558164,9.264637979561849,35.69824294686639,1
Piazza,18,0.421248053294072,0.8616909037873453,4.196273828068104,63.474414110402954,0
Megenagna,15,0.6361773647082327,0.274071589342191,0.5062247226907413,18.641980485397458,1
Ayat,7,0.785651618080232,0.807070903866703,0.393918336928194,74.93694366449569,0
Merkato,17,0.11833619092338732,0.19524060295649204,5.739498660690105,54.56959688130259,1
Ayat,22,0.40990488969628824,0.34534195224488784,3.9289510889317905,20.40643885466006,2
Megenagna,17,0.8398022856356172,0.3356104542698427,0.28652427577654516,29.191117349780725,0
Kazanchis,19,0.383832951933044,0.9785254683891406,5.832523923125567,74.86087085818323,0
Megenagna,6,0.5718722712271865,0.8565372237479268,0.11302536589022472,48.26012356615207,0
Sarbet,2,0.5877693608621982,0.7011698615902597,7.87371958149273,21.60314403930722,2
Megenagna,17,0.18447625313363936,0.7270567616153901,3.064328227033716,96.72711903702977,0
Megenagna,9,0.3622354416522884,0.5620727944025711,0.402580030092321,71.51250198168879,0
Sarbet,6,0.33451128874193214,0.9470906671085191,5.883522209831533,95.71348325397962,0
Piazza,16,0.026196708532064794,0.49625875288236154,3.976844144330547,42.71050453603432,1
Gotera,13,0.024191763891355245,0.3805177098698945,9.738004133571495,47.51003406917205,2
Megenagna,23,0.8316970436757735,0.163035336931591,5.441986625037022,89.79552161850192,1
Sarbet,2,0.2730708099728124,0.786205652261058,2.752391810370083,52.504934024538464,1
Merkato,11,0.5180787662388154,0.7344439320755914,7.094388646339747,70.72789119056672,1
Kazanchis,12,0.29872557358877305,0.3843550385241349,2.714920025427113,25.217287749552998,1
Kazanchis,1,0.9406792451153405,0.02519341395922936,9.04243291407565,44.67264687026405,2
Megenagna,2,0.25929675886577375,0.8389973277180107,3.747219705073764,12.34498658103551,2
Piazza,4,0.4296568127389351,0.011417983454073632,5.498685627762052,20.59800358769617,2
Piazza,10,0.8727302504846018,0.703699779629051,0.5057310382422886,0.0943415267631087,0
Merkato,7,0.8419335667918086,0.970257109726057,4.261212379522307,3.926505164866023,1
Megenagna,22,0.18610141784627732,0.43766132814820347,8.32363539660995,97.72838231769293,2
Kazanchis,22,0.8026433097957104,0.23497340499595276,8.05648805363342,24.23536951367623,2
Piazza,11,0.45818688673789265,0.7048710100433817,2.2431855885352627,66.33107095040019,0
Megenagna,6,0.4829688720853552,0.8171281420155851,2.260790710105627,83.90996987996115,0
Ayat,14,0.13347997241594378,0.5464303160778473,8.173053122132368,55.066045923656425,1
Piazza,23,0.08060151375712465,0.9670352752561462,9.303984201693256,15.31445000839562,2
Sarbet,16,0.7279393069737652,0.0516687216579611,0.9536092127300355,72.81164373361663,0
Ayat,3,0.49646115235529975,0.5047955983045281,4.500586394262252,60.025141009958304,2
Gotera,21,0.43685070261517955,0.7184539473225501,3.3745427896422897,73.12505893473751,0
Piazza,12,0.7295082286523967,0.862640471149179,8.706884554574394,76.97466228570872,1
Kazanchis,17,0.7655128989911097,0.17925561190779005,0.8352491468001877,97.54103676847451,0
Bole,0,0.15890816766935356,0.8000034817636814,2.111259425580374,57.356328002671,1
Ayat,15,0.6102251494776413,0.5527070757185453,7.524683375864943,34.164111269060186,1
Gotera,12,0.13535408227768553,0.3965536819899632,0.5129384898121558,64.8464556900237,1
Merkato,9,0.7513750860290457,0.13171502857909356,4.925353807142892,6.844070924262613,2
Merkato,11,0.6569551562671395,0.8652957589089124,4.4210703467972,89.73973183215863,0
Kazanchis,1,0.956614621083458,0.15727320817971535,3.3440117898874866,11.938101133819679,2
Piazza,22,0.06895801635642118,0.30978785920909924,3.945723153189238,32.784283788581824,2
Megenagna,2,0.05705472115125432,0.2900455319624369,5.29940586930233,81.57453806261209,2
Piazza,9,0.28218707469320015,0.8714140341908543,1.6136735838838312,59.731237833071184,0
Kazanchis,1,0.26170568373590597,0.672702994208898,5.719958782835928,39.363552027744205,2
Merkato,22,0.24697879907199982,0.7966813971913723,8.054323292999863,47.34356593750214,2
Piazza,12,0.9062545805210367,0.250467898792499,7.60160929790159,85.45473932021804,1
Merkato,12,0.2495461998495061,0.6248740996069989,1.5389990469377368,34.00043860598922,1
Ayat,17,0.271949726128631,0.5717459831437487,1.492494697414739,86.96496848121713,0
Gotera,2,0.7593982624179637,0.8328303767882711,2.6817436774491332,8.813443097669149,1
Megenagna,6,0.44973984245054,0.9060870604812605,3.610747263410372,77.67984372086308,0
Ayat,13,0.7767105569551812,0.012156771477386807,4.084555814084826,84.75476330547363,1
Merkato,19,0.06536615756438524,0.6740199190587927,6.796972168333452,18.181765283733874,2
Merkato,16,0.4875711936733843,0.05183579911972902,0.566804321658354,43.03465323722004,1
Bole,20,0.03361360018328263,0.5488586650773559,0.34672704226066386,16.54997746636556,1
Bole,11,0.06265320345535452,0.2876327290436782,3.9191056294390902,70.66041289942177,1
Ayat,15,0.906437453344411,0.3067765995221412,6.971636921379805,53.534776806165674,1
Sarbet,23,0.13924537111759516,0.3529585034523566,1.9343534295648257,63.5323346708321,2
Ayat,11,0.5324206822752171,0.6212924490496101,6.415044812562517,19.648696695621116,1
Bole,14,0.41109560260070654,0.3340499656687692,2.5982813794029944,21.17458620524195,1
Merkato,9,0.3473433262588427,0.7326990505902804,8.860861088135163,4.149732550990636,2
Kazanchis,6,0.8998333456872725,0.4045273855738697,8.956899442666165,32.20675351957297,1
Ayat,19,0.0218233967754895,0.06835320030995862,2.9728720428132647,55.97446613336749,1
Merkato,4,0.6637896861755891,0.7837598424841072,2.2999375396324053,85.79349139973289,1
Kazanchis,0,0.9633944342135504,0.285758324592706,4.113039720662313,66.69274474586807,1
Kazanchis,16,0.5601681834618419,0.43276687959926263,2.405315851801487,43.53963233997514,1
Bole,2,0.9368224620330918,0.6854438832219015,6.723838432917036,95.31201143941378,1
Ayat,12,0.05225787928602377,0.332456157148712,8.260646845482855,71.92452005758318,2
Piazza,13,0.4187933190741614,0.056585656146715624,6.73092130911217,93.016520286255,1
Megenagna,23,0.26015779096205116,0.3739210470128136,8.243504472493495,52.75879732721657,2
Bole,17,0.7308209649807298,0.9444485826943034,3.9699216220747413,25.89042747931396,1
Bole,3,0.9812970904972467,0.6417343972985582,1.5631697070886086,5.282668636472199,1
Piazza,17,0.2565300624442478,0.6714791486672069,7.379509473975921,72.60848514838504,1
Megenagna,4,0.6541746014740745,0.6322821536376398,3.604745051415539,12.130299800553413,2
Merkato,15,0.19809763275974013,0.1989921389594368,6.712708252291325,30.277512827196716,2
Sarbet,0,0.5653302545716099,0.41833386410228013,2.7064394198176567,53.24709078838974,1
Ayat,20,0.4639324866883362,0.7509397983633183,0.8122963480667267,56.441658777974766,0
Sarbet,13,0.9720053296315371,0.10137289755315915,9.925817954877633,60.0583196987136,1
Merkato,14,0.6085272726964666,0.27785277608971226,1.5620150793059928,16.625533034970065,1
Gotera,8,0.3495063720868188,0.2763191084658536,9.884209939634811,37.97374048216488,2
Bole,14,0.11409578488793337,0.432018927594506,9.772799325664472,61.71942271169667,2
Megenagna,16,0.15124682873493456,0.9803687409421851,7.938181039080396,96.98188646337847,1
Bole,23,0.2253169299512351,0.06750254668382194,6.594229620819975,72.76311376996887,2
Kazanchis,3,0.250966661340298,0.518700994380595,5.778070502510847,92.26037570939579,1
Bole,11,0.8506160578411378,0.17936468201221045,8.661015453778347,76.2212058314177,1
Bole,4,0.5612227882825249,0.9706765454097441,2.894395216194879,59.171696889240046,1
Merkato,4,0.5233909113743664,0.1133035047274642,4.67681212484877,19.202336913634454,2
Merkato,10,0.11476887186921747,0.40360100236159124,6.193899693665019,66.66856518925131,1
Merkato,5,0.860139693349435,0.7378849848346062,4.1119047586949105,62.337956595990704,0
Sarbet,6,0.7228143032084837,0.7045544280274453,4.27486454090268,60.24691704572665,0
Kazanchis,23,0.06766836190000158,0.42272863689393225,3.3028466750208443,48.978586798824075,2
Gotera,13,0.7078350972297687,0.34652416795271823,5.64231816684536,52.86566039892756,1
Gotera,23,0.5435382173426461,0.39761237855287057,8.50574528015116,33.44425271181041,2
Merkato,10,0.08172534574677826,0.2642762631586393,2.0152837800631285,51.931269264230316,1
Megenagna,12,0.45830064152865646,0.2053329387067998,9.344330387534415,19.755590567847825,2
Sarbet,1,0.484696287130047,0.48303969755889,6.8908765374822964,80.51743973603767,2
Piazza,6,0.16577454016327575,0.2685337560676073,8.232732126800302,18.577695469870783,2
Megenagna,19,0.9456981470002823,0.2874616648972501,5.561906926300116,8.496628988946641,1
Ayat,3,0.8499753714806619,0.6567560634745571,7.795167014240635,43.62460263571574,2
Ayat,7,0.6690223373291083,0.9685373316998922,0.1620039733946721,65.83074395060619,0
Megenagna,19,0.4622955610006072,0.6036372005593751,8.183804247795353,43.771682493354135,1
Merkato,21,0.4117655415845085,0.07697946706496628,0.4013885908536652,27.67541319513086,1
Piazza,20,0.6509734671509542,0.07558361385406698,8.899133763628624,55.817118389044076,2
Piazza,18,0.5454318694069055,0.951423220845566,9.919627472386432,34.700233541219994,1
Sarbet,12,0.062273105881885615,0.29729079030733363,2.940674621767778,93.28676901266331,1
Piazza,13,0.5125026487703317,0.09206698608247543,2.1031855628579366,92.2645139603572,0
Ayat,9,0.8064036172328395,0.5990445871503816,7.653633638580407,50.23718199720955,1
Kazanchis,10,0.45923987759695806,0.6236487782902661,2.530263409202532,32.78839940182585,1
Merkato,1,0.05195657755426841,0.6485048201186882,8.655623831722036,73.71324139566391,2
Piazza,8,0.7862781993840331,0.2674020278575413,1.028425921574767,3.671294348306664,1
Sarbet,16,0.2013637821359744,0.015110684214475034,1.2595519637935826,47.47690060436513,1
Ayat,2,0.2586208348880388,0.9650153694544719,9.791515551006157,33.63233942703335,2
Kazanchis,23,0.1647063534322959,0.2508930456911025,6.738388982700046,92.05358851025547,2
Bole,5,0.33021506487149754,0.6760262880525475,8.468872244289528,1.2003027272682543,2
Bole,4,0.756751505688635,0.7066298698787096,3.2432937735151803,55.28148757183491,1
Kazanchis,4,0.5193858595039373,0.6100074170794857,6.764837495206044,74.0663581066626,2
Ayat,21,0.20488127415071256,0.3129073942136482,5.942418273085972,48.50179875240413,1
Sarbet,14,0.8778300781520408,0.27109625376406576,6.03150120122947,8.540303016272166,1
Kazanchis,22,0.8795818549515292,0.5976682827027031,6.825324595377216,97.24613900279022,1
Merkato,16,0.8705784250460069,0.8660956336116915,5.753591731290985,51.801043137609796,0
Merkato,8,0.23879621138153928,0.9467337289233956,4.290623693026659,61.41862443190114,1
Bole,2,0.4512393441809881,0.10590580440375763,2.7592269438054684,23.660978270750732,2
Piazza,19,0.9849896561408751,0.15482861259771985,7.68581330913202,48.34980851068038,1
Sarbet,16,0.7720124763099904,0.9447362587830797,2.262724300031862,42.914949195832186,0
Bole,9,0.027167421225559818,0.7365352283347926,6.923543061544142,7.489584200198374,2
Piazza,2,0.06520459126049205,0.8829938248297731,2.3333282264932667,10.616035354746723,2
Piazza,17,0.46393137681233276,0.20263263413534316,6.253301699544539,83.74725196187745,1
Gotera,17,0.9092202058615602,0.5875858711094019,7.470782671290289,23.981995220659023,1
Merkato,16,0.5387017979527142,0.7011395944174736,2.187138889065392,19.495827149863054,1
Ayat,23,0.4978125080342902,0.6801118854469727,0.5994330086130828,50.49114512501392,1
Megenagna,2,0.10547369995663058,0.4081516908666981,1.3097374299417408,76.87471313625129,1
Ayat,2,0.656780104724294,0.015394891691308477,6.059969672710254,6.194651857898792,2
Megenagna,5,0.8221031606002255,0.5829260568042631,8.494464062257356,57.680791963825584,1
Kazanchis,12,0.38042000750756233,0.25310153917960876,0.44996821235424367,11.921044284057336,1
Merkato,23,0.7756118509253275,0.45025424614289034,7.341512590416462,3.6461050825618457,2
Piazza,14,0.9644766539008116,0.9575810150838173,3.4131864595005212,5.274395216221739,1
Sarbet,8,0.2037664591276891,0.3990353176424347,4.785283699195225,83.41641082084413,1
Megenagna,3,0.5233296311947413,0.8398016066644267,9.288595498455656,11.797248362806156,2
Ayat,13,0.28713795808457554,0.18854060574925113,3.3197150473584545,4.515136441229195,2
Piazza,4,0.7928544190338394,0.6724604980250288,4.65336933939486,43.789988714291226,1
Megenagna,1,0.5775933658811575,0.9770069544389435,0.13682414760681105,84.39934719420248,0
Megenagna,10,0.6345824175503038,0.10189310087293679,0.8159872000483837,26.240837648930192,1
Gotera,8,0.7979141596158941,0.008319942227192012,2.5859159113478403,42.17126175259164,1
Megenagna,23,0.3959704726624549,0.43358279263261434,0.27852240821074403,3.9922532563751223,2
Sarbet,2,0.9150900684070432,0.0926254830513672,6.3137532604825095,44.907851413487585,2
Merkato,8,0.53302886724614,0.7483843496762314,4.263983568016226,57.761308063713365,0
Sarbet,2,0.157954822835348,0.9145486638485589,5.48145202728022,57.090705375214476,2
Bole,1,0.6958991181688025,0.43402097270875883,1.7464718589632955,33.242669217436514,1
Piazza,11,0.7932613504382544,0.25871164215544096,2.959320294366161,31.55331806631355,1
Merkato,9,0.31676167706752667,0.4344033190066098,6.638244748527251,10.662361893659789,2
Gotera,8,0.857179256998753,0.723447817850001,9.653027236303998,36.67983206462684,1
Merkato,14,0.9061432547657664,0.009054161580370979,0.504167736022092,9.949466887296465,1
Merkato,7,0.2769044873778089,0.5894539894846972,8.903843208552662,76.65959447120517,1
Ayat,4,0.9835214727152221,0.6132916848873791,5.768812013112084,96.62742977481858,1
Merkato,10,0.14071152804875842,0.6376882468959355,5.639195667556237,97.00744566667069,1
Gotera,1,0.20201566840248997,0.2420220799808772,5.002785352077604,86.50710993753938,2
Sarbet,23,0.18422483923802613,0.7140527233781268,0.6939408590418339,60.07921493396191,1
Merkato,14,0.8939897100078704,0.0913914863317764,0.8987685173616067,70.086569724388,0
Kazanchis,5,0.6542925523249619,0.1992703364668008,6.009120056590861,28.520580268041407,1
Piazza,7,0.15210428322227287,0.8774700466544819,3.409585714355583,63.077042017262066,1
Merkato,4,0.440323418368349,0.7387231507265664,9.172680665776806,45.56495494398774,2
Piazza,15,0.615298025069802,0.013745554011345251,4.065905373594722,48.20173397769325,1
Kazanchis,17,0.08346408498938329,0.2483762603698002,1.4328145870264108,75.7776560375158,1
Kazanchis,5,0.8824163684073387,0.21440648299316456,7.14718833502036,28.191835559725163,1
Piazza,4,0.8036035354415352,0.2708063280369726,2.9335342144100984,31.803961169451988,2
Megenagna,15,0.5052067735766382,0.2475597702798864,5.2547030735589315,92.46417911286366,1
Bole,12,0.9671266152591704,0.06252629574284574,6.978327855051701,5.622429485097225,2
Ayat,4,0.4177609792750997,0.45894051659682034,9.002641112020704,48.56342984133404,2
Megenagna,12,0.9841103190364978,0.7327334747861651,7.921911948016761,91.28008004078617,0
Megenagna,16,0.6679199988036271,0.6067317247174364,6.763610678727241,61.0363007818157,1
Sarbet,17,0.6346712732539415,0.6728716685980798,6.796331823951435,54.64070742121321,1
Ayat,7,0.165954895295785,0.08114917853623915,9.459246440320864,24.974417922935523,2
Ayat,12,0.881927758304644,0.9514907101767872,2.9582409749653604,34.327548906444825,0
Megenagna,18,0.42748968792061515,0.8384918338430248,0.011120941961874076,85.20484158046929,0
Merkato,2,0.16223340578247936,0.8050903184956627,2.719545593981987,55.921813176845816,1
Sarbet,23,0.01260751997575904,0.8229838050417675,2.17891379626744,51.47421937567799,1
Sarbet,7,0.5597556836383826,0.9327105081327614,6.618345851139981,9.957971354002893,1
Kazanchis,1,0.5273996221226763,0.5442539661136977,6.337115997655291,1.6028156455123121,2
Gotera,7,0.7193536223691586,0.2002820178676259,5.934613827047238,96.36851886870491,1
Ayat,12,0.8902580530178021,0.6167836078525412,0.162434432094537,37.698616728684165,0
Megenagna,12,0.07940658464302952,0.742881493667939,7.287780544506475,60.32130620995043,1
Kazanchis,0,0.7314964903403623,0.7379173933540254,3.235304124854915,7.971507318728499,2
Piazza,5,0.18741194409758222,0.5214490241668801,6.650559890066311,68.31142857230465,1
Bole,23,0.858177053157164,0.06845871933357806,5.565784285021533,93.2566708705961,1
Gotera,18,0.8190635138616561,0.3711129384301278,3.4273092542790717,57.56652529974197,0
Gotera,15,0.5407937549855444,0.9207666084633573,1.3457626710410775,12.611532237541056,1
Gotera,7,0.7102427986233115,0.584448909757426,0.9441889766048095,58.172152747347674,0
Sarbet,0,0.3143501131837484,0.5383319432557134,8.315183331122235,76.63472131046524,2
Piazza,15,0.47116789893281463,0.2688535143821935,9.18397542081558,40.64165365740187,2
Gotera,8,0.8216368977104717,0.3684489199165789,6.497880467642996,87.98377479414678,0
Piazza,12,0.4592651971732139,0.8953460891531693,1.0343411486048337,64.86829533573645,0
Merkato,10,0.3577982653254418,0.6664630475268357,4.020272168882407,89.92489182892025,0
Gotera,12,0.4942124472502999,0.7873870267523329,7.2893920010515725,62.35053112473372,1
Bole,20,0.8282492524372184,0.45434542306765513,7.798208840100681,13.128797200482422,1
Piazza,9,0.33520804737087273,0.6302472194561579,1.182186222910886,30.96917111051891,1
Piazza,3,0.1737615931357438,0.24838360874320753,0.0003071884538241587,20.17949482524569,2
Bole,5,0.7120140203307808,0.7054608302834863,7.12137045880605,90.88264977168623,0
Gotera,6,0.8259782127080818,0.4276013337033373,3.5659617598620565,76.04000672874827,0
Bole,4,0.10063747852353333,0.4425455148147456,2.5448133161826023,67.6398368910006,2
Piazza,10,0.23987411275594472,0.6493223245768817,0.1289746978952544,30.096631963162167,1
Bole,12,0.1419719897609939,0.9362806214689267,5.402994067614997,18.40447720502135,1
Piazza,18,0.3479414115821666,0.06400634660862092,8.511507354259818,75.64510879889119,1
Piazza,22,0.45035097890541265,0.8247432373470076,9.57631646272588,47.41579458790797,2
Merkato,9,0.7488263369633065,0.2923831104121931,5.657449506132892,22.578955215062912,1
Megenagna,9,0.6511475848816741,0.4439194545063778,5.144613277398942,61.66219781652751,1
Piazza,10,0.6209285674784312,0.021913328775008956,0.850563854892411,4.0333852138451975,1
Gotera,20,0.3523749466096544,0.30104607783431303,5.488728015425997,32.61702541282535,1
Kazanchis,6,0.8414475530847599,0.5026312426301305,3.7997907896539465,46.85569945911347,1
